Canonical	Name	Sindarin	English	German	Khuzdul	Language	English Meaning	German Meaning	Citations	Constructed	P	Parts	Construction	Notes	TODO
firienfeld	Firienfeld		*			English			VIII					"""A green mountain-field of grass and heath high above the sheer wall of the valley,"" describes the Firienfeld, in a draft of ""Lord of the Rings"" published in ""The War of the Ring"". It is debatable whether this is cannon."
rath-harad-iaur	Südstraße			*		German			LRde					"""Alte Südstraße"" would be direct translation, but is not attested."
durthang	Durthang	*	*	*	*	Sindarin	Dark Opression	Dunkle Unterdrückung	S		*	dûr dur thong thang	dûr S - dark E; thong S - opression E
gondor	Stoningland					English			"LR, RK"		*			A name attributed to Gondor by the Rohirrim.
andrath	Andrath	*			*	Sindarin	Long Road	Lange Straße	UT		*	and rath	"and S - long E; rath S - course / riverbed // stream, Ety/383, LR/Index, http://www.jrrvf.com/cgi-bin/hisweloke/sindarin.cgi?search=rath&phon=ipa"	"Andrath is attested twice in Unfinished tales: once as part of the name Cirith Forn en Andrath, the name of pass taken by the party in The Hobbit, but also as the name of a part of the Greenway between the Barrow Downs and the South Downs, part of the Long Road. I use it here to mean ""Long Road"", though in the former usage, Unfinished Tales translates it to mean ""Long Climb""."
edhellond	Eldalondë					Quenya					*	elda londë	elda Q - elf; londë Q - haven / harbor E	"Attested as a name in Númenor, having the same meaning."
druwaith-iaur	Old Drûg land					English									http://tolkiengateway.net/wiki/Woses
irensaga	Írensaga	*	*	*		Rohirric	Iron-saw		"LR, RK"		*	íren saga	íren R - iron E; saga R - saw E	"In old editions, Írensaga appears without an acute accent."
dorwinion	Dorwinion	*	*	*	*	Sindarin	Great land of youth		"H, PE17:191"		*	dôr dor gwîn gwin win ion on	"dôr S - land E; gwîn S - young E; -on S - great E, as in ardhon; -ion S - (great) realm, as in rhovanion, eregion; dôr + gwîn > dorwin, lenition, vowel shortening"	"The meaning of ""Dorwinion"" is conjectural, based on lines from ""The Hobbit"" that suggest that this is the land where the elf-king, Thranduil's, folk got their strong wine, which is suspicious since there is little reason to believe that there is a similarity between Sindarin ""win"" and the similarly sounding English ""wine"". Parma Eldalamberon 17:191 suggests a new interpretation based on ""gwîn"", meaning ""young""."
athrad-imladris	Athrad Imladris	*			*	Sindarin	Ford of Rivendell	Furt von Bruchtal		Kris Kowal	*	athrad imlad ris	Ford of Rivendell; ford E > crossing E > athrad S; crossing E : crossings E :: athrad S: ethraid S; Rivendell E > Imladris S	"The name ""Ford of Rivendell"" is used once and only in ""The Fellowship of the Ring"" to refer to the much more frequently cited ""Ford of Bruinen""."
erech	Erech		*								?			"This is a name given either by Númenoreans or early Gondorians, so is probably Adûnaic, Gondorian Sindarin, with the Elvish root of ""er"" for loneliness."
udun	Udûn	*	*								*	udûn dûn u		"This is possibly Ñoldorin, certainly not Sindarin, since ""dûn"" would translate to ""west""."
mallenrond	Mallenrond	*			*	Sindarin	Golden Hall			Kris Kowal	*	mallen mal rond	Golden Hall E; mallen S - golden colored E; rond S - hall E	"This translation is predicated on the assumption that ""golden"" in ""Golden Hall"" refers to the color. There are other Sindarin words for ""golden"" as in the metal."
fui-ngothrim	Raith 'Ngorthrim					Sindarin			http://www.tuckborough.net/caves.html#Paths%20of%20the%20Dead		*	raith rath ngorth gorth rim	gorth S - dead person E; rim S - host / great number E; raith S - paths E; rath S - path E	"Tolkien assigned this name to the ""Paths of the Dead"" but changed it to ""Fui 'Ngorthrim"", so this is not strictly canon, although its meaning is clear."
achad-tarlang	Achad Tarlang	*			*	Sindarin	Tarlang's Neck	Tarlangs Hals			*	achad tarlang	achad S - neck E; Tarlang [proper name]
achad-tarlang	Tarlang's Neck		*			English					*
achad-tarlang	Tarlangs Hals			*		German	Tarlang's Neck	Tarlangs Hals	LRde
adorn	Adorn	*	*	*	*	Sindarin					*	adorn	[pre-Númenórean]
aglarond	Aglarond	*			*	Sindarin	Glitter-Dome	Glitzer-Dom			*	agla rond	agla S - glitter [verb] E; rond S - dome E
aglarond	Glittering Caves		*			English		Glitzernde Höhlen			*
aglarond	Glitzernde Höhlen			*		German	Glittering Caves		LRde
aglarond	Súthburg					Old English	South-Fortress	Südburg			*
aglarond	Glæmscrafu					Rohirric	Glittering-Caves	Glitzernde-Höhlen				glæm scrafu
amon-anwar	Amon Anwar	*			*	Sindarin	Hill of Awe	Hügel der Ehrfurcht	UT		*	amon anwar	amon S - hill E; anwar S - awe E
amon-anwar	Halifirien		*	*		Rohirric	Holy Mountain	Heiliger Berg	UT		*	hall fair fîr	"hall S - shady E; fair S - mortal E; fîr S - mortals E; hall + fîr > halifir, compound vowel reduction"
amon-anwar	Whispering Wood					English			UT		*
amon-anwar	Eilenaer						?	?
amon-craban	Amon Craban	*			*	Sindarin				Kris Kowal	*	amon craban	Ravenhill > raven + hill > hill of ravens; raven E > craban S; craban : crebain :: raven : ravens; hill E > amon S
amon-craban	Ravenhill		*			English			H		*
amon-craban	Rabenberg			*		German			H1de
amon-din	Amon Dîn	*	*	*	*	Sindarin	Hill [of] Silence	Stiller Hügel			*	amon	amon S - hill E; dîn S - silence E
amon-fangorn	Amon Fangorn	*			*	Sindarin	Hill [of] Fangorn	Hügel von Fangorn		Kris Kowal		amon fang orn	Treaberd's Hill E > Hill of Treebeard E; hill E > amon S; Treebeard E > Fangorn S [proper name]; fang S - beard E; orn S - tree E
amon-fangorn	Treebeard's Hill		*			English
amon-fangorn	Baumbarts Hügel			*		German				Kris Kowal
amon-hen	Amon Hen	*	*	*	*	Sindarin	Hill [of] Sight	Berg des Sehens			*	amon hen	amon S - hill E; hen S - sight E
amon-lanc	Amon Lanc	*	*	*	*	Sindarin	Hill [that is] Naked	Nakter Berg	UT		*	amon lanc	amon S - hill E; lanc S - naked E
amon-lhaw	Amon Lhaw	*	*	*	*	Sindarin	Hill [of] Hearing	Berg des Hörens			*	amon lhaw	amon S - hill E; lhaw S - ear E > hearing E
amon-rudh	Amon Rudh	*	*	*	*	Sindarin	Hill [that is] Bald	Berg-Kahler 				amon rudh rûdh
amon-rudh	Bald Hill					English		Kahler Berg	S
amon-rudh	Kahler Berg					German	Bald Hill		Sde
amon-sul	Amon Sûl	*			*	Sindarin	Hill [of] Wind	Hügel des Windes			*	amon sûl	amon S - hill E; sûl S - wind / weather E
amon-sul	Weathertop		*			English	Wetterspitze				*
amon-sul	Wetterspitze			*		German		Weathertop
andeithel	Andeithel	*			*	Sindarin	Long-Well	Lang-Quell		Kris Kowal	*	and eithel	langwell > lang + well; lang G > long E > and S; well / spring E > eithel S
andeithel	Langwell		*				Long-Well	Lang-Quell			*
andeithel	Langquell			*		German	Long-Well	Lang-Quell		Silvia Ochsenfort
andlo	Andló	*			*	Sindarin	Long-Marsh			Kris Kowal	*	and ló	long marshes E; long E > and S; marshes E > ló S
andlo	Long Marshes		*			English	Lange Sümpfe	Long-Marshes
andlo	Lange Sümpfe			*		German	Long-Marshes	Lange Sümpfe	H1de
andrast	Andrast	*	*	*	*	Sindarin	Long Cape	Langes Kap	"XI, UT"		*	and rasg rast	and S - long E; rasg S - horn E; rast S - cape E
andrath	Long Road		*			English		Lange Straße			*
andrath	Lange Straße			*		German	Long Road			Silvia Ochsenfort
anduin	Anduin	*	*	*	*	Sindarin	Long River		"LR, FR, VIII, X, XI, XII"		*	and duin	and S - long E; duin S - (large) river E; and + duin > anduin
anduin	Anduin the Great					English			"LR, FR, X, XII"
anduin	Great River of Wilderland					English			X
anduin	Great River					English		Großer Fluss	"H, II, VIII, X, XI, XII"		*
anduin	Großer Fluss					German	Great River		LRde
anduin	Langflood								UT		*
anduin-vale	Imlaid Anduin	*			*	Sindarin	Vales of Anduin			Kris Kowal		imlad imlaid and duin
anduin-vale	Vales of Anduin		*			English			"LR, XII"
anduin-vale	Tal des Anduin			*		German			LRde
anduin-vale	Vale of Anduin					English			"LR, VIII, XI, XII"
anduin-vale	Täler des Anduin					German			LRde
anduin-vale	Imlad Anduin					Sindarin	Vale of Anduin			Kris Kowal		imlad imlaid and duin
anfalas	Anfalas	*			*	Sindarin	Long-shore	Lang-strand	"LR, VIII, XII"		*	and falas	"and S - long E; falas S - shore E; and + falas > anfalas, lenition"
anfalas	Langstrand		*	*			Long-beach				*		lang German - long E; strand German - shore E
angmar	Angmar	*	*	*	*	Sindarin	Iron-dwelling	Eisenheim			*	ang bar	"ang S - iron E; bar S - dwelling / home E; ang + bar > angmar, lenition"
angren	Angren	*			*	Sindarin	Of Iron	Eisen			*	ang angren	ang S - iron E; angren S - of iron E; * ~en S - of ~ E
angren	Isen		*	*			Of Iron	Eisen	LRde
angren	River Isen					English	River of Iron	Eisen Fluss			*		isen E - iron E
angren	Sîr Angren					Sindarin	River of Iron	Eisen Fluss			*	sîr ang angren	sîr S - river E; ang S - iron E; angren S - of iron E; * ~en S - of ~ E
angrenost	Angrenost	*			*	Sindarin	Iron Fortress				*	ang angren ost	ang S - iron E; angren S - of iron E; * ~en S - of ~ E; ost S - (fortified) city E
angrenost	Isengard		*			English					*		isen E - iron E; -gard E - fortress E
angrenost	Isengart			*		German			Sde
annen	Annen	*			*	Sindarin	Long Lake	Langer See		Kris Kowal	*	and nen	"long lake E; long E > and S; lake / water E > nen S; and + nen > annen S, lenition"
annen	Long Lake		*			English		Langer See			*
annen	Langer See			*		German	Long Lake		H1de
annon-angrenost	Annon Angrenost	*			*	Sindarin	Gate of Isengard			Kris Kowal	*	annon angren ost	Gate of Isengard E; gate E > annon S; Isengard E > Angrenost S
annon-angrenost	Gate of Isengard		*			English
annon-caradhras	Annon Caradhras	*			*	Sindarin	Redhorn Gate			Kris Kowal	*	annon caradh ras rasg	Redhorn Gate E; Redhorn E > Caradhras S; gate E > annon S
annon-caradhras	Redhorn Gate		*			English			"LR, FR, RK"		*
annon-caradhras	Rothornpass			*		German	Redhorn Pass		LRde
annon-erebor	Annon Erebor	*			*	Sindarin	Gate of Erebor			Kris Kowal	*	annon ereb orod or	Gate of Erebor E; gate E > annon S; Erebor [proper name]
annon-erebor	Front Gate		*			English			H
annon-erebor	Gate of Erebor					English			"LR, UT"
annon-eryn	Annon Eryn	*			*	Sindarin	Forest Gate	Wald Tor		Kris Kowal	*	annon eryn	forest gate; long E > and S; forest E > woods E > eryn E; forest gate E > annon eryn S
annon-eryn	Forest Gate		*			English		Wald Tor			*
annon-eryn	Waldeingang			*		German	Forest Entrance
annon-duhirion	Annon Duhirion	*			*	Sindarin	Moria Gate	Moria Tor				annon dû sir sirion duhirion ion on
annon-duhirion	Dimrill Gate		*			English		Dimrill Tor			*
annon-duhirion	Dimrill Tor			*		German	Dimrill Gate
annon-duhirion	East Gate					English		Tor des Ostens			*
annon-thol	Annon Thol	*			*	Sindarin	Gate of Helm			Kris Kowal	*	annon thôl thol	"Helm's Gate; gate E > annon S; Helm [proper name] > helm E [literal] > Thôl S; annon + thôl > annon thol, vowel shortening"
annon-thol	Helm’s Gate		*			English
annonion-minas-tirith	Great Gate of Minas Tirith		*			English
annuminas	Annúminas	*	*	*	*	Sindarin	West Tower	Turm des Westens			*	annú minas	annú S - west E; minas S - tower E
anorien	Anorien	*	*	*	*	Sindarin	Sunland	Sonnenland			*	anor	Anor S [proper name] - the sun E
archet	Archet		*			Celtic	Forest Edge	Waldgrenze
ardhon-iaur-arnor	Ardhon Iaur Arnor	*			*	Sindarin	Great-realm Old Arnor (Highland)	Großreich Altes Arnor (Hochland)		Måns Björkman	*	ardhon on iaur ar dor	ardhon S -- realm E; iaur S -- old E; ar- S -- high E; dor S -- land E; ar + dor > arnor S; old > former > lost
ardhon-iaur-arnor	Lost Realm of Arnor		*			English		Verlorenes Reich von Arnor			*
ardhon-iaur-arnor	Verlorenes Reich von Arnor			*		German	Lost Realm of Arnor
argirith	Argirith	*			*	Sindarin	High-pass	Hochpass		Kris Kowal	*	ar cirith girith	"high pass; ar S > high E; cirith S > cleft / pass E; ar + cirith > argirith S, lenition c.f., pel + ar + cir > pelargir"
argirith	High Pass		*			English		Hochpass	"LR, FR"		*
argirith	Hochpass			*		German	High Pass
argirith	Cirith Forn en Andrath					Sindarin	Northern Pass of the Long Climb	Nordpass des langen Aufstiegs	UT/271		*	cirith forn en and rath	"Northern Pass of the Long Climb; cirith S - cleft / pass E; forn - S - northern E; formen S - north E; en S - of the E; and S - long E; rath S - course / riverbed // stream, Ety/383, LotR/Index, http://www.jrrvf.com/cgi-bin/hisweloke/sindarin.cgi?search=rath&phon=ipa"
argonath	Argonath	*	*	*	*	Sindarin	High Pillars	Hoch Säulen			*	ar gond gon ath	ar- S - high E; gond S - stone E; ar + gond + ath > argonath
argonath	Gate of Kings					English		Tor des Königs			*
argonath	Pillars of the Kings					English		Säulen des Königs			*
arnor-tower	Tower of Anor		*			English
arthedain	Arthedain	*	*	*	*	Sindarin	Realm of Man	Reich der Menschen			*	ar ardhon dhon edain	ardhon S - realm E; edain S - men E; ardhon + edain > arthedain S
athrad-angren	Athrad Angren	*			*	Sindarin	Ford of Isen	Furt des Isen	UT			athrad angren ang
athrad-angren	Fords of Isen		*			English		Furten des Isen	"LR, VIII, XII"		*
athrad-angren	Furten des Isen			*		German	Fords of Isen		LRde
athrad-angren	Ethraid Engrin					Sindarin	Fords of Isen	Furten des Isen	UT			ethraid eng engrin
athrad-bruinen	Athrad Bruinen	*			*	Sindarin	Ford of Bruinen	Bruinenfurt		Kris Kowal	*	athrad brui nen	Ford of Bruinen; ford E > crossing E > athrad S; crossing E : crossings E :: athrad S: ethraid S; Bruinen S - Loudwater E; nen S - water E; brui S - loud E
athrad-carag	Athrad Carag	*			*	Sindarin	Ford of Carrock	Carrockfurt		Kris Kowal	*	athrad carag	Ford of Carrock E; ford / crossing E > athrad S; Carrock E > rock E > carag S
athrad-carag	Ford of Carrock		*			English		Carrockfurt
athrad-carag	Carrockfurt			*		German	Ford of Carrock
athrad-iaur	Athrad Iaur	*			*	Sindarin	Old Ford	Alte Furt		Kris Kowal	*	athrad iaur	old ford; ford / crossing E > athrad S; old E > iaur S
athrad-iaur	Old Ford		*			English		Alte Furt			*
athrad-iaur	Alte Furt			*		German	Old Ford
athrad-imladris	Ford of Bruinen		*			English		Bruinenfurt	"LR, FR, RK, UT"
athrad-imladris	Bruinenfurt			*		German	Bruinen Ford
athrad-imladris	Ford of Rivendell					English		Furt von Bruchtal	"LR, FR"		*
athrad-imladris	Furt von Bruchtal					German	Ford of Rivendell		LRde
athrad-onodlo	Athrad Onodló	*			*	Sindarin	Ford of Entwash	Entfurt		Kris Kowal	*	athrad onod ló	Entwade > Ford of Entwash; ford > athrad; Entwash > Onodló; onod S - ent E; enyd S - ents E
athrad-onodlo	Entwade		*			English	Ford of Entwash	Entfurt			*
athrad-onodlo	Entfurt			*		German	Ford of Entwash		LRde
bag-end	Bag End		*			English
bagshot-row	Bagshot Row		*			English
bair-nestad	Bair Nestad	*				Sindarin
bair-nestad	Houses of Healing		*			English
bamfurlong	Bamfurlong		*			English	Bean-field	Bohnenfeld	TB		*		bam - bean E; furlong - field E
barad-dur	Barad Dûr	*	*	*	*	Sindarin	Tower Dark	Dunkler Turm			*	barad dûr	"barad S - tower E; dûr S - dark, sombre E"
barad-dur	Lugbúrz					Black Speech
barad-durin	Barad Durin	*			*	Sindarin	Tower of Durin	Durins Turm		Kris Kowal	*	barad	Durin's Tower > Tower of Durin; tower E > barad S
barad-durin	Durin's Tower		*			English		Durins Turm			*
barad-durin	Durins Turm			*		German			LRde
baranduin	Baranduin	*			*	Sindarin	brown-river	Brauner Fluss			*	baran duin	baran S - brown E; duin S - (large) river E
baranduin	Brandywine		*			English		Brandywein			*		"baranduin S > brandywine E, adoption by similar sound and fitting meaning"
baranduin	Brandywein			*		German	Brandy-wine		LRde
baranduin	Branda-nîn					Sindarin						branda nîn
baranduiniant	Baranduiniant	*			*	Sindarin	Brown-river Bridge	Braun-Fluss Brücke			*	baran duin iant	baranduin + iant; iant S - bridge E; baran S - brown E; duin S - (large) river E
baranduiniant	Brandywine Bridge		*			English					*
baranduiniant	Brandyweinbrücke			*		German			LRde
baranduiniant	Bridge of Stonebows					English					*
barannor	Barannor	*			*	Sindarin	Brown-land			Kris Kowal	*	baran nor dôr	"dun E > brown E > baran S; land E > dôr S; baran + dôr > barannor, c.f., ennorath"
barannor	Dunland		*	*		English	Brown-land		"LR, LRde"		*
barannorath	Barannorath	*			*	Sindarin	Brown-lands	Die Braunen Lande		Kris Kowal	*	baran nor dôr ath	"The Brown Lands E; baran S - brown E; dôr S > land E; baran + dôr > barannor, lenition, vowel reduction, c.f., ennorath"
barannorath	The Brown Lands		*			English		Die Braunen Lande			*
barannorath	Die Braunen Lande			*		German	The Brown Lands		LRde
barion	Barion	*			*	Sindarin	Great House			Kris Kowal	*	mbar bar ion	"Great House; house E > home / dwelling E > bar S, c.f., Angmar; great E > -ion S"
barion	Great House		*			English
barrowfield	Barrowfield		*			English
belegaer	Belegaer	*			*	Sindarin	Great-sea		S		*	bel beleg aer	great E > beleg S; sea E > aer S
belegaer	Great Sea		*			English		Große Meer	S
belegaer	Große Meer			*		German	Great Sea		LRde
belegaer	Sea					English		Meer	S
belegaer	Western Sea					English			S
belegaer	Great Water					English		Große Wasser	S
belfalas	Belfalas	*	*	*	*	Sindarin	Great-shore	Großer Strand			*	bel beleg falas	beleg S - great E; falas S - shore E
beorn	Beorn	*	*	*		English			"H, I, II, V, Etym., VIII, XII"		*
beraid-gondor	Beraid Gondor	*			*	Sindarin	Towers of Gondor			Kris Kowal		beraid gond dôr dor gon	Towers of Gondor E; tower E - barad S; towers E - beraid S
beraid-gondor	Towers of Gondor		*			English
bindbole-wood	Bindbole Wood		*			English
bonfire-glade	Bonfire Glade		*			English
brandy-hall	Brandy Hall		*			English
bree	Amon	*			*	Sindarin	Hill			Kris Kowal		amon
bree	Bree		*	*		Celtic	Hill		"LR, LRde"		*
bree-hill	Bree-hill		*			English
bree-inn	Inn of Bree		*			English
bree-west-gate	West-gate of Bree		*			English
breredon	Breredon					English
bridgefields	Bridgefields		*			English
brockenborings	Brockenborings		*			English
brockenborings	Dachsbauten			*		German			LRde
brockenborings	Brockenbores					English
bruinen	Bruinen	*			*	Sindarin	Loud-water	Lautwasser			*	brui nen	brui S - loud / noisy E; nen S - water E
bruinen	Loudwater		*			English		Lautwasser			*
bruinen	Lautwasser			*		German	Loud-water		LRde
buck-hill	Buck Hill		*			English
buckland	Buckland		*			English
buckland-gate	Buckland Gate		*			English
bucklebury	Bucklebury		*			English
bucklebury-ferry	Bucklebury Ferry		*			English
budgeford	Budgeford		*			English
bywater	Bywater		*			English
bywater-road	Bywater Road		*			English
cair-andros	Cair Andros	*	*	*	*	Sindarin	Ship of Long-foam	Schiff der langen Gischt	"S, VIII, XII"		*	cair and ros	cair S - ship E; and S - long E; ros S - foam E
cair-andros	Ship of Long-foam					English		Schiff der langen Gischt	"S, XII"
cair-andros	Schiff der langen Gischt					German	Ship of Long-foam		Sde
calembel	Calembel	*	*	*	*	Sindarin	Greenfield	Grünfeld			*	calem bel mbel calen	"calen S - green E; calembel S - greenham E; calen + b/p~ > calemb~, lenition"
calembel	Greenham					English
calenardhon	Calenardhon	*			*	Sindarin	Green Realm				*	calen ardh on ardhon	calen S = green E; ardhon S = realm E
calenardhon	Rohan		*	*		Rohirric	Horse Country				*	rocco roch	rocco Q -- horse E; roch S -- horse E
calenardhon	The Mark					English
calenardhon	Rochand											roch and
calenardhon	Rochann											roch ann
calenhad	Calenhad	*	*	*	*	Sindarin	Green-place		VIII		*	calen had	calen S - green E; had S - mound E < may have been back-formed from Calenardhon
calenrath	Calenrath	*			*	Sindarin	Green-way			Kris Kowal	*	calen rath	"greenway > green + way E; green E > calen S; way > street E > rath S; rath S - course / riverbed // stream, Ety/383, LotR/Index, http://www.jrrvf.com/cgi-bin/hisweloke/sindarin.cgi?search=rath&phon=ipa"
calenrath	Greenway		*			English					*
calenrath	Grünweg			*		German
cape-of-forochel	Cape of Forochel		*			English
carach-angren	Carach Angren	*			*	Sindarin	Jaws of Iron				*	carach angren ang	carach S - jaw E; ang S - iron E; angren S - of iron E; ~en S - of ~ E
carach-angren	Isenmouthe		*			Old English	Iron Jaws	Isenmünde			*	isen mouthe	isen - iron E; mouthe - jaws E
carach-angren	Isenmünde			*		German	Iron Mouth
caradhras	Caradhras	*				Sindarin	red-horn				*	caradh caran rasg rhasg ras	"caran S - red E; rasg / rhasg S - horn; caran + rasg > caradhras S, lenition"
caradhras	Redhorn		*			English					*
caradhras	Rothorn			*		German			LRde
caradhras	Barazinbar				*	Khuzdul					*	bara? zin? bar? zinbar? baraz?
carag	Carag	*			*	Sindarin	"Spike, Tooth of rock"			Måns Björkman	*	carag	carag S - spike / tooth of rock E; carreg Welsh - rock / stone E; carr Old English; car Anglo Saxon - rock E
carag	Carrock		*	*		English			"LR, LRde"		*		carr Old English - rock / stone; car Anglo Saxon - rock E
carag	Sargond					Sindarin				Kris Kowal	*	sarn sar gond	"Carrock > car + rock; car Anglo Saxon > rock E > sarn S; rock / stone E > gond S; sarn + gond > sargond, c.f., morn + gul > morgul"
caras-galadhon	Caras Galadhon	*	*	*		Silvan	Fortress of Trees	Festung der Bäume			*	caras galadh on	caras Silvan / S - city / fortress E; galadh Silvan - tree E; galad + on S - of light E; galadh + on > galadhon; ~on S > of ~ E
caras-mirgiryn	Caras Mírgiryn	*				Sindarin	City of Treasure-sailors			Silvia Ochsenfort	*	caras mir mír gir cîr cir gîr ryn rin	"City of Corsairs; corsairs > pirates > treasure + sailors; treasure E > mîr S; sailors > ship + people; ship E > cîr S; people E > rim S; mîr + cîr + rim > mírgiryn, lenition, vowel shortening; city E > caras Silvan"
caras-mirgiryn	City of Corsairs		*			English					*
caras-mirgiryn	Piratenstadt			*		German	Pirate-city
caras-perian	Caras Perian	*				Silvan	City of Hobbits	Stadt der Hobbits		Kris Kowal	*	caras perian	Hobbiton > Hobbit Town; town / city / fortress E > caras Silvan / S; hobbit E > perian S
caras-perian	Hobbiton		*			English		Hobbingen			*
caras-perian	Hobbingen			*		German	Hobbiton		LRde
carchost	Carchost	*	*	*	*	Sindarin	Fang Fortress	Reißzahn-Festung			*	carch ost carach	carch S - fang E; ost S - fort E
cardolan	Cardolan	*	*	*							*	car dolan
carn-dum	Carn Dûm	*	*	*		Unknown					*	carn dûm dum
carnen	Carnen	*			*	Sindarin	Red-water	Rotwasser			*	caran nen	caran S - red E; nen S - water E; caran + nen > carnen S
carnen	Redwater		*			English		Rotwasser			*
carnen	Rotwasser			*		German
causeway	Causeway		*			English
celduin	Celduin	*			*	Sindarin	Running River				*	cell duin cel	"cell S - running E; duin S - (great) river; cel + duin > celduin S, lenition"
celduin	River Running		*			English					*
celduin	Eilend			*		German			Hde
celduin	Das Eilige Wasser					German			Hde
celduin	Eilend Fluss					German			Hde
celebdil	Celebdil	*				Sindarin	Silver-point	Silber-Spitze			*	celeb dil	"celeb S - silver E; till S - point E; celeb + till > celebdil S, lenition"
celebdil	Silvertine		*			English					*
celebdil	Silberzinne			*		German			LRde
celebdil	Zirakzigil				*	Khuzdul					*	zirak? zigil?
celebrant	Celebrant	*				Sindarin	Silver-lode	Silber-Ader			*	celeb rant	celeb S - silver E; rant S - rivercourse / path / lode / vein E
celebrant	Silverlode		*			English					*
celebrant	Silberlauf			*		German			LRde
celebrant	Kibil-nâla				*	Khuzdul					*	kibil nâla	kibil K - silver E; nâla S - path E
cerin-amroth	Cerin Amroth	*	*	*	*	Sindarin	Mound of Amroth	Hügel von Amroth	"LR, FR"		*	cerin	cerin S - mound E
cerin-amroth	Mound of Amroth					English		Hügel von Amroth	"LR, FR"		*
cerin-amroth	Hügel von Amroth					German	Mound of Amroth		LRde
cil-rohan	Cîl Rohan	*			*	Sindarin				Måns Björkman	*	cîl	"Gap of Rohan E; gap E > cîl S, http://www.jrrvf.com/cgi-bin/hisweloke/sindarin.cgi?search=c%EEl&phon=ipa"
cil-rohan	Gap of Rohan		*			English					*
cil-rohan	Pforte von Rohan			*		German	Gap of Rohan		LRde
ciril	Ciril	*	*	*	*	Sindarin	Cleft-glitter	Kluft-Glitter			*	cirith ril cir	cirith S - cleft / pass E; ril S - giltter E
ciril	Ciril River					English					*
cirith-anach	Cirith Anach	*			*	Sindarin				Kris Kowal		cirith	Pass of Anach E; pass E > cirith S; Anach [proper name]
cirith-anach	Pass of Anach		*			English
cirith-gorgor	Cirith Gorgor	*	*	*	*	Sindarin	Pass of Terror				*	cirith gorgor	cirith S - cleft / pass E; gorgor S - terror E
cirith-gorgor	Geisterpass					German
cirith-ungol	Cirith Ungol	*			*	Sindarin	Pass of the Spider	Spinnenpass			*	cirith ungol	cirith S - cleft / pass E; ungol S - spider E
cirith-ungol	The Spider's Pass		*			English					*
cirith-ungol	Spinnenpass			*		German	Spider-pass			Silvia Ochsenfort
cirith-ungol	Cirith Dúath					Sindarin	Pass of Shadow				*	cirith dúath	cirith S - cleft / pass E; dúath S - shadow E
cof-belfalas	Côf Belfalas	*			*	Sindarin					*	côf beleg bel falas	côf S - bay E; beleg S - great E; falas S - shore E; beleg + falas > belfalas S
cof-belfalas	Bay of Belfalas		*			English	Bay of Great-shore				*		bay E > côf S; great E > beleg S; shore E > falas S; beleg + falas S > belfalas S
cof-belfalas	Bucht von Belfalas			*		German			Sde
cof-lhun	Côf Lhûn	*				Ñoldorin	Bay of Blue				*	côf lhûn	côf S - bay E; lhûn S - bay E
cof-lhun	Gulf of Lune		*			English					*
cof-lhun	Golf von Luhn			*		German			LRde
combe	Combe		*			English	"Deep, narrow valley"
cormallen-field	Field of Cormallen		*			English
crickhollow	Crickhollow		*			English
cross-roads	Cross-roads		*			English
cunmaeghed-rhunen	Cúnmaeghed Rhúnen	*			*	Sindarin				Kris Kowal		cún maeghed mae ghed rhún rhúnen en
cunmaeghed-rhunen	East Bight		*			English					*
cunmaeghed-rhunen	Ostbucht			*		German				Silvia Ochsenfort
dagorlad	Dagorlad	*			*	Sindarin	Battle-land				*	dagor lad	dagor S - battle E; lad S - plain E
dagorlad	Battle Plain		*			English					*
dagorlad	Walstatt			*		German			LRde
dark-door	Dark Door		*			English
dead-door	Door of the Dead		*			English
dead-houses	Houses of the Dead		*			English
deephallow	Deephallow		*			English
deeping	Deeping		*			English
deeping-road	Deeping-road		*			English
deeping-stream	Deeping-stream		*			English
deeping-wall	Deeping Wall		*			English
derndingle	Derndingle		*			English
dimrill-stair	Dimrill Stair		*			English
din	Dîn	*	*	*	*	Sindarin	Silence					dîn din
dol-amroth	Dol Amroth	*	*	*	*	Sindarin	Head of Amroth	Turm vom Amroth			*	dol	dol S - head E - tower [figuratively] E; Amroth [proper name]
dol-baran	Dol Baran	*	*	*	*	Sindarin	Brown Head	Brauner Hügel				dol baran
dol-baran	Brauner Hügel					German			LRde
dol-cirith-ungol	Tower of Cirith Ungol		*			English
dol-guldur	Dol Guldur	*	*	*	*	Sindarin					*	dol gûl dûr guldur	"dol S - tower E; gûl S - sorcery E; dûr S - dark / sombre E; gûl + dûr > guldur S, vowel shortening"
dol-guldur	Hill of Sorcery					English		Hügel der Schwarzmagie			*
dol-guldur	Hügel der Schwarzmagie					German			LRde
dome-of-stars	Dome of Stars		*			English
dor-en-ernil	Dor-en-Ernil	*	*	*	*	Sindarin	Land of Prince Ernil	Land des Prinzen			*	dôr dor en ernil	dôr S - land E; en S - of the E; ernil S - [proper name of a prince]
druwaith-iaur	Drúwaith Iaur	*			*	Sindarin	Púkel-realm old				*	drû dru drú gwaith waith iaur	"drû S - wild man / wose / púkel-man E; gwaith S - realm E; iaur S - old E; drû + ~ > drú~, compound vowel shortening; ~ + gwaith > ~waith, lenition"
druwaith-iaur	Old Púkel Land		*			English					*
druwaith-iaur	Altes Puckelland			*		German	Old Púkel Land			Silvia Ochsenfort
dunharrow	Dunharrow	*	*			English	Heathen Fane on the Hillside				*
dunharrow	Dunharg			*		German	Dunharrow		LRde
dunharrow	Dúnharg					Old English					*		"originally from Danhaerg, meaning ""hillside temple"", http://www.glyphweb.com/ARDA/d/dunharg.html"
duriniant	Duriniant	*			*	Sindarin	Durin's Bridge			Kris Kowal	*	iant	Durin's Bridge; bridge E > iant S
duriniant	Bridge of Khazad-dúm		*			English
duriniant	Durin’s Bridge					English
dwaling	Dwaling		*			English
east-mark	East-mark		*			English
emnet-rhunen	Emnet Rhúnen	*				Sindarin				Kris Kowal
emnet-rhunen	Eastemnet		*			English					*
emnet-rhunen	Ostemnet			*		German			LRde
eastfarthing	Eastfarthing of the Shire		*			English
fold-rhunen	Fold Rhúnen	*				Sindarin				Kris Kowal
fold-rhunen	Eastfold		*			English					*
fold-rhunen	Ostfold			*		German			LRde
eastmarch-shire	Eastmarch of the Shire		*			English
echor-angrenost	Echor Angrenost	*			*	Sindarin	Outer-ring of Isengard			Kris Kowal		echor ang angren ren ost	"Ring of Isengard E; Ring E > circle, outer ring E > echor S, as in ""rammas echor""; Isengard E > Angrenonst S [proper name]"
echor-angrenost	Ring of Isengard		*			English
ecthelion	Tower of Ecthelion		*			English
edhellond	Edhellond	*	*	*	*	Sindarin	Elf-haven	Elbenhafen			*	edhel lond	edhel S - elf E; lond S - haven / harbor E
edhellond	Elfhaven					English					*
edoras	Edoras	*	*	*		Rohirric					*	edo? ras?
eilenach	Eilenach	*	*	*	*						*
elendil-mound	Mound of Elendil		*			English
elendil-tomb	Tomb of Elendil		*			English
elf-havens	Elf-havens		*			English
elostirion	Elostirion	*	*	*	*	Sindarin					*	el ost tir tira ion on	"el- - elf E; os- < ost - fortified E; tira S - to watch E, as in Minas Tirith"
emnet-annun	Emnet Annûn	*				Sindarin
emnet-annun	Westemnet		*	*		English	West Emnet				*
emyn-arnen	Emyn Arnen	*			*	Sindarin					*	amon emyn	amon S - hill E; emyn S - hills E
emyn-arnen	Arnen Hills		*			English					*
emyn-arnen	Berge von Arnen			*		German				Silvia Ochsenfort
emyn-beraid	Emyn Beraid	*			*	Sindarin	Hills of Towers				*	amon emyn barad beraid	amon S - hill E; emyn S - hills E; barad S - tower E; beraid S - towers E
emyn-beraid	Tower Hills		*			English					*
emyn-beraid	Turmberge			*		German			LRde
emyn-formen	Emyn Formen	*			*	Sindarin	Hills of North			Kris Kowal	*	emyn for formen en	amon S - hill E; emyn S - hills E; formen S - north E
emyn-formen	North Downs		*			English					*
emyn-formen	Nordhöhen			*		German			LRde
emyn-haeron	Emyn Haeron	*			*	Sindarin	Hills of Far			Kris Kowal	*	emyn hae haer on ron	far downs E; downs E > hills E > emyn S; amon S - hill E; far / remote / distant E > haeron S
emyn-haeron	Far Downs		*			English					*
emyn-haeron	Weite Höhen			*		German	Far Downs
emyn-harad	Emyn Harad	*			*	Sindarin	Hills of South			Kris Kowal	*	emyn har harad ad	south downs E; downs E > hills E > emyn S; amon S - hill E; south E > harad E
emyn-harad	South Downs		*			English					*
emyn-harad	Südhöhen			*		German	South Downs			Silvia Ochsenfort	*
emyn-muil	Emyn Muil	*	*	*	*	Sindarin	Drear Hills	Trostlose Höhen			*	amon emyn muil	amon S - hill E; emyn S - hills E; muil S - drear E
emyn-nim	Emyn Nim	*			*	Sindarin	Hills of White			Kris Kowal	*	emyn nim nîm	"white downs; downs E > hills E > emyn S; white E > nim S, as in Ered Nimrais; nimp S - pale / white E"
emyn-nim	White Downs		*			English					*
emyn-nim	Weite Höhen			*		German			LRde
emyn-ring	Emyn Ring	*			*	Sindarin				Kris Kowal	*	emyn ring	"Coldfells > cold + fells; fells E > hills E > emyn S; cold E > ring S, as in Ringló"
emyn-ring	Coldfells		*			English					*
emyn-ring	Kalte Höhen			*		German	Cold Hills			Silvia Ochsenfort
emyn-sul	Emyn Sûl	*			*	Sindarin	Hills of Wind			Kris Kowal	*	amon emyn sûl sul	Weather Hills E; amon S - hill E; emyn S - hills E; sûl S - weather E
emyn-sul	Weather Hills		*			English					*
emyn-sul	Wetterhügel			*		German				Silvia Ochsenfort
emyn-uial	Emyn Uial	*			*	Sindarin	Hills of Twilight				*	amon emyn uial	amon S - hill E; emyn S - hills E; uial S - twilight (evening) E; ui S - envelope / heavens; galad S - light E; ui + galad > uial S
emyn-uial	Hills of Evendim		*			English					*
emyn-uial	Hügel von Evendim			*		German	Hills of Evendim			Silvia Ochsenfort	*
enchanted-river	Enchanted River		*			English
enedwaith	Enedwaith	*	*	*	*	Sindarin	Mid-region	Mittelvolk			*	gwaith waith enedh en ened	"gwaith S - realm E; enedh S - middle E; enedh + gwaith > enedwaith S, lenition"
ennorath	Ennorath	*			*	Sindarin	Middle-lands				*	en nor ath nôr dôr	earth > land E; middle / core / center E -- enedh S; land E -- dôr S; -ath S -- [collective noun]; enedh + dôr + ath -- ennorath S
ennorath	Middle-earth		*			English					*				from midenguard?
ennorath	Mittelerde			*		German	Middle-earth
ennorath	Great Lands					English					*
ennorath	Outer Lands					English
ennorath	Endor					Quenya	Milddle-land				*	endor
ennyn-moria	Ennyn Moria	*			*	Sindarin	Gates of Moria			Kris Kowal	*	annon ennyn mor môr iâ ia	"annon S - gate - E; ennyn S - gates E; môr S - dark E; iâ - abyss, void; môr + iâ > moria, lenition, vowel shortening"
ennyn-moria	Hollin Gate		*			English					*
ennyn-moria	Tor von Moria			*		German	Gate of Moria		LRde
ennyn-moria	Doors of Durin					English					*
ennyn-moria	Moria Gate					English					*
ent-houses	Ent-houses		*			English
eotheod	Éothéod	*	*	*		Rohirric						éo théod
ephel-duath	Ephel Duath	*	*	*	*	Sindarin	Mountains of Shadow	Schattengebirge			*	ephel dû ath duath dúath	"ephel S - outer fence / encircling fence; dû S - darkness / shadow E; gwath S - shade / shadow E; dû + gwath > dúath S - night shade E; -ath S - [collective plural noun]; dúath - darkness; ephel + dúath > ephel duath, vowel reduction"
ephel-duath	Mountains of Shadow					English					*
ephel-duath	Schattengebirge					German	Mountains of Shadow
erebor	Erebor	*			*	Sindarin	Lonely Mountain	Einsamer Berg			*	ereb er or orod	ereb S - lone E; or- S - above E; *ereb + or > erebor S - lonely height E
erebor	Lonely Mountain		*			English		Einsamer Berg			*
erebor	Einsamer Berg			*		German	Lonely Mountain
ered-angmar	Ered Angmar	*			*	Sindarin	Mountains of Angmar (iron-dwelling)				*	ered ang mar bar	"ered S - mountains E; orod S- mountain E; ang S - iron E; bar S - dwelling / home E; ang + bar > angmar, lenition"
ered-angmar	Mountains of Angmar		*			English					*
ered-angmar	Berge von Angmar			*		German				Silvia Ochsenfort
ered-engrin	Ered Engrin	*			*	Sindarin	Mountains of Iron				*	amon emyn ang ren angren	amon S - hill E; emyn S - hills E; ang S - iron E; angren S - of iron E; ~en S - of ~ E; engrin S - of iron [plural] E
ered-engrin	Iron Hills		*			English					*
ered-engrin	Eiserne Berge			*		German	Iron Mountains
ered-lasgalen	Ered Lasgalen	*			*	Sindarin	Mountains of Green-leaf			Kris Kowal	*	ered las gal galen calen	"analogous to Eryn Lasgalen; mountains E > hills E > emyn S, as in Emyn-nu-Fuin, the name the same range held when Eryn Lasgalen was known as Taur-nu-Fuin; lass S - leaf; calen S - green; lass + calen > lasgalen S, lenition"
ered-lasgalen	Mountains of Mirkwood		*			English					*
ered-lasgalen	Berge vom Düsterwald			*		German				Silvia Ochsenfort
ered-lasgalen	Emyn Duir					Sindarin					*	emyn duir dûr amon	dûr S - dark / sombre E; duir S - dûr [plural] S; amon S - hill E; emyn S - hills E
ered-lasgalen	Emyn-nu-Fuin					Sindarin	Mountains-under-Shadow				*	amon emyn nu fuin	amon S - hill E; emyn S - hills E; nu S - under E; fuin S - shadow E
ered-lindon	Ered Lindon	*			*	Sindarin					*	orod ered	orod S - moutnain E; ered S - mountains E
ered-lindon	Blue Mountains		*			English					*
ered-lindon	Blaues Gebirge			*		German			LRde
ered-lindon	Ered Luin					Sindarin					*	orod ered luin	orod S - mountain E; ered S - mountains E; luin Q - blue E; *elu / elw S - (pale) blue; lhûn S - blue E
ered-lithui	Ered Lithui	*			*	Sindarin	Mountains of Ash				*	orod ered lith	"orod S - mountain E; ered S - mountains E; lith S - ash / sand / dust E; ui - S - envelope, especially of the Outer Sea or Air enfolding the world within the Ilurambar or world-walls, Ety/397, http://www.jrrvf.com/cgi-bin/hisweloke/sindarin.cgi?search=ui&phon=ipa"
ered-lithui	Ash Mountains		*			English					*
ered-lithui	Aschengebirge			*		German	Mountains of Ash		H1de
ered-mithrin	Ered Mithrin	*			*	Sindarin					*	ered mith mithrin rin	orod S - mountain E; ered S - mountains E; mith S - grey E; rîn S - crownèd E
ered-mithrin	Grey Mountains		*			English					*
ered-mithrin	Graue Berge			*		German
ered-moria	Ered Moria	*			*	Sindarin	Mountains of Moria (Dark-chasm)			Kris Kowal	*	ered môr mor iâ ia	"mountains of moria; ered S > mountains E; orod S - mountain E; môr S - dark E; iâ - abyss, void; môr + iâ > moria, lenition, vowel shortening"
ered-moria	Mountains of Moria		*			English					*
ered-moria	Berge von Moria			*		German	Mountains of Moria		H1de
ered-nimrais	Ered Nimrais	*			*	Sindarin	Mountains-Whitehorns	Berge-Weißhörner			*	orod ered nimp nim rais ras	orod S - mountain E; ered S - mountains E; nimp S - pale / white E; ras S - horn E; rais S - horns E
ered-nimrais	White Mountains		*			English		Weißen Berge			*
ered-nimrais	Weißen Berge			*		German	White Mountains		H1de
ered-nimrais	Thrihyrne					Rohirric
eregion	Eregion	*			*	Sindarin					*	ereg ion on	"ereg S - holly tree / thorn E, Etym./356, S/431; -ion S - great (region) E, as in rhovanion, dorwinion"
eregion	Hollin		*			English					*
eregion	Hülsten			*		German			H1de
erelas	Erelas	*	*	*							*	er ere las	"ereb S - lone E; lass S - leaf E; ereb + las > erelas S, lenition"
eriador	Eriador	*	*	*	*	Sindarin	Lone-land	Einsame Lande			*	ereb er dôr dor	"ereb S -- isolated, lonely; dôr S -- land E"
erui	Erui	*			*	Sindarin		Erui Fluss	LRde		*	er ui ereb	"ereb S - lone E; ui - S - envelope, especially of the Outer Sea or Air enfolding the world within the Ilurambar or world-walls, Ety/397, http://www.jrrvf.com/cgi-bin/hisweloke/sindarin.cgi?search=ui&phon=ipa; ereb + ui > erui S, lenition"
erui	River Erui		*			English					*
erui	Erui Fluss			*		German	River Erui
eryn-druadan	Tawar-in-Drúedain	*			*	Sindarin			UT			tawar in drû drú dru edain
eryn-druadan	Drúadan Forest		*			English					*
eryn-druadan	Druadan-Wald			*		German			LRde
eryn-firien	Eryn Firien	*			*	Sindarin	Woods of Firien			Kris Kowal	*	eryn firien fîr fair fir	Firien Wood; wood E > woods E > eryn S; fair S - mortal E; fîr S - mortals E
eryn-firien	Firien Wood		*			English	Mountain-wood		"LR, VIII, UT"		*
eryn-firien	Firienwald			*		German			LRde
eryn-firien	Firgenholt					Anglo-Saxon	Mountain-wood		UT
eryn-firien	Halifirien Wood					English	Mountain-wood		UT
eryn-firien	Firienholt					English	Mountain-wood		"VIII, UT"
eryn-iaur	Eryn Iaur	*			*	Sindarin	Forest-old			Kris Kowal	*	eryn iaur	Old Forest E; forest E > woods E > eryn S; old E > iaur S
eryn-iaur	Old Forest		*			English					*
eryn-iaur	Alter Wald			*		German	Old Forest			Silvia Ochsenfort
eryn-lasgalen	Eryn Lasgalen	*			*	Sindarin	Forest of Green-leaf	Wald der grünen Blätter			*	orod ered las galen calen	"orod S - mountain E; ered S - mountains E; las S - leaf E; calen S - green E; las + calen > lasgalen S, lenition"
eryn-lasgalen	Mirkwood		*			English					*
eryn-lasgalen	Düsterwald			*		German			LRde
eryn-lasgalen	 Taur-e-Ndaedelos					Sindarin					*	taur e dae delos ndae ndeaedelos del os	"taur S - forest E; e S - of E; dae S - shadow E; delos S - abhorrence / detestation / loathing E, Etym./355"
eryn-lasgalen	Taur-nu-Fuin					Sindarin	Forest-under-shadow				*	taur nu fuin	"taur S - forest E; nu S - under E; fuin S - night / dead of night / gloom / darkness, Ety/354, Ety/382, http://www.jrrvf.com/cgi-bin/hisweloke/sindarin.cgi?search=fuin&phon=ipa"
eryn-lasgalen	Greenwood the Great					English					*
eryn-lasgalen	Nachtwald					German			H1de
eryn-mithrin	Eryn Mithrin	*			*	Sindarin	Woods Grey			Kris Kowal	*	eryn mith mithrin rin	Grey Wood; wood / woods E > eryn S [plural]; grey E > mithren S; grey [plural] E > mithrin S
eryn-mithrin	Grey Wood		*			English
eryn-teryg	Eryn Teryg	*			*	Sindarin	Forest of Trolls	Trollwald		Måns Björkman	*	eryn teryg	"trollshaws E > troll woods > E woods of trolls; woods E > eryn S; trolls E > teryg S; torog S - troll E, http://www.jrrvf.com/cgi-bin/hisweloke/sindarin.cgi?search=torog&cognate=troll&phon=ipa"
eryn-teryg	Trollshaws		*			English		Trollhöhen			*
eryn-teryg	Trollhöhen			*		German	Troll-hills			Silvia Ochsenfort
eryn-uireb	Eryn Uireb	*			*	Sindarin				Kris Kowal	*	eryn ui uireb reb	"Everholt E > ever + holt E; ever / eternal E > uireb S, http://www.jrrvf.com/cgi-bin/hisweloke/sindarin.cgi?search=uireb&phon=ipa; holt E > woods E > eryn S"
eryn-uireb	Everholt		*	*		English/Anglo-Saxon	Ever-Forest	Eber-Wald			*
eryn-vorn	Eryn Vorn	*	*	*	*	Sindarin	Woods Black	Schwarzer Wald			*	eryn morn vorn	eryn S - woods E; morn S - black / dark E; eryn + morn > eryn vorn S
eryn-wethrin	Eryn Wethrin	*			*	Sindarin	Woods-dim			Kris Kowal	*	eryn gwathren gwath ren weth wethrin rin	"gwathren S - dim E; gwethrin S - dim [plural] E; eryn S - woods E; oron S - wood E; eryn + gwethrin > eryn wethrin, lenition"
eryn-wethrin	Dimholt		*	*		English			"LR, LRde"		*
eryndaur	Eryndaur	*			*	Sindarin	Woods-wood			Kris Kowal	*	eryn daur	"Chetwood > chet + wood; chet Celtic > forest E; forest E > taur S; woods E > eryn S; eryn + taur > eryndaur S, lenition"
eryndaur	Chetwood		*			Celtic/English	Wood-wood				*
eryndaur	Chetwald			*		Celtic/German	Wood-forest		LRde
erynduin	Erynduin	*			*	Sindarin	Woods-river			Kris Kowal	*	eryn duin	Forest River; forest E > woods E > eryn S; river E > (great) duin S
erynduin	Forest River		*			English					*
erynduin	Waldfluss			*		German	Forest-river			Silvia Ochsenfort
erynrath	Erynrath	*			*	Sindarin				Kris Kowal	*	eryn rath râd	"Forest Path; forest E > eryn S; path / track E > râd S; road / path E > rath S; eryn + râd > erynrath, lenition; rath S - course / riverbed // stream, Ety/383, LotR/Index, http://www.jrrvf.com/cgi-bin/hisweloke/sindarin.cgi?search=rath&phon=ipa"
erynrath	Forest Path		*			English					*
erynrath	Waldweg			*		German	Forest-path		H1de
esgaroth	Esgaroth	*				Ilkorin	Reed-lake		"V, Etym."			esgar oth? roth?
esgaroth	Lake Town		*			English					*
esgaroth	Seestadt			*		German	Lake-town		LRde
ethir	Ethir		*		*	Sindarin						ethir ed sîr
ethir-anduin	Ethir Anduin	*			*	Sindarin	Mouths of Anduin (long-river)				*	ethir ed sîr duin	"ethir S - mouth of river / estuary E; ed- S - out; sîr S - flow E; ed + sîr > ethir S, lenition; and S - long E; duin S - (great) river E; and + duin > anduin S"
ethir-anduin	Mouths of Anduin		*			English					*
ethir-anduin	Mündungen des Anduin			*		German	Mouths of Anduin (long-river)		Sde
ethir-onodlo	Ethir Onodló	*			*	Sindarin				Kris Kowal	*	ethir onod ló	"Mouths of Entwash; mouths E > ethir S, as in Ethir Anduin; Onodló S - Entwash, http://www.glyphweb.com/arda/o/onodlo.html; onod S - ent E; lô s - shallow lake, fen land E"
ethir-onodlo	Mouths of Entwash		*			English					*
ethir-onodlo	Mündungen des Entwash			*		German	Mouths of Entwash		Sde
ethraid-erui	Ethraid Erui	*			*	Sindarin	Crossings-Erui (Lone)				*	athrad er ereb ui	"athrad S - crossing / ford E; entraid S - crossings / fords E; erui S - [proper name]; ereb S - lone E; ui S - envelope, especially the Outer Sea of Air enfolding the world within the Ilurambar of world-walls, Ety/397, http://www.jrrvf.com/cgi-bin/hisweloke/sindarin.cgi?search=ui&phon=ipa"
ethraid-erui	Crossings of Erui		*			English					*
ethraid-erui	Furten des Erui			*		German	Ford of Erui			Silvia Ochsenfort
ethraid-poros	Ethraid Poros	*			*	Sindarin	Crossings-Poros			Kris Kowal	*	ethraid poros rhoss ros	crossings of poros; crossings E > ethraid S; Poros S - [proper name]; rhoss S - a whisper or rustling sound; ross S - rain E
ethraid-poros	Crossings of Poros		*			English					*
ethraid-poros	Furten des Poros			*		German				Silvia Ochsenfort
ethring	Ethring	*	*	*	*	Sindarin	Crossings-cold	Kalte Furt			*	ethir athrad ring	ethir S - crossings E; athrad S - crossing E; ring S - cold E
fangorn	Fangorn	*	*	*	*	Sindarin	Beard-tree	Baumbart			*	fang orn	fang S - beard E; orn S - (large) tree E
fangorn	Treebeard's Forest					English					*
fangorn	Aldalómë					Quenya	Tree-night				*	alda lóme	alda Q - tree E; lómë Q - night E
fangorn	Ambaróna					Quenya			"LR, TT"			ambar óna
fanuidhol	Fanuidhol	*				Sindarin	Cloudy-head				*	fanui dôl dhol fan ui	"fanui S - cloudy E; dôl S - head E; dôl - hill or mountain, by extension; fanui + dôl > fanuidhol, lenition, vowel shortening"
fanuidhol	Cloudyhead		*			English					*
fanuidhol	Wolkenkopf			*		German	Cloud-head		LRde
fanuidhol	Bundushathûr				*	Khuzdul					?	bundu shathûr shathur
fanuidhol	Shathúr					Khuzdul			"LR, FR"		?	shathúr shathur
farthings	Four Farthings		*			English
farthings	Farthings					English
fen-hollen	Fen Hollen	*	*	*			Closed Door
fen-hollen	Fen Chollen				*	Sindarin	Closed Door		http://www.tuckborough.net/otherbuildings.html			fen chollen hol len chol phen
fen-hollen	Closed Door					English
fen-hollen	Steward's Door					English
firien-dale	Firien-dale		*			English
first-hall	First Hall		*			English
floating-log	Floating Log		*			English
folde	Folde	*	*	*		English					*
forannon	Forannon	*			*	Sindarin				Kris Kowal		for annon	North Gate E; north E > formen S > for- S; gate E > annon S
forannon	North Gate		*			English
forest-narrows	Narrows of the Forest		*			English
forithilien	Forithilien	*			*	Sindarin	North-Ithilien	Nord-Ithilien		Kris Kowal	*	for ithilien ithil forod	"forod S - north E; ithil S - the moon E; forod + ~ > for~, lenition"
forithilien	North Ithilien		*			English		Nord-Ithilien			*
forithilien	Nord Ithilien			*		German	North-Ithilien			Silvia Ochsenfort
forlindon	Forlindon	*			*	Sindarin	North-Lindon				*	forod for lin lindon don	forod S - north E; forod + ~ > for~ S
forlindon	North Lindon		*			English					*
forlindon	Nord Lindon			*		German
forlond	Forlond	*	*	*	*	Sindarin	North-haven	Nordhafen			*	for lond	forod S - north E; forod + ~ > for~ S; lond S - harbor / haven E
fornost-erain	Fornost	*			*	Sindarin	North-fortress	Nord-burg			*	forn for ost	forod S - north E; ost S - (fortified) city / town E; forod + ost > fornost S
fornost-erain	Norbury		*			English		Norburg			*
fornost-erain	Norburg			*		German	Norbury
fornost-erain	Kings' Norbury					English		Königsnorburg			*
fornost-erain	Königsnorburg					German	Kings' Norbury
fornost-erain	Fornost Erain					Sindarin	North-fortress of the Kings	Nord-burg des Königs			*	for forn ost erain	forod S - north E; forod + ~ > for~ S; aran S - king E; erain S - kings E
forochel	Forochel	*			*	Sindarin	Northern-cold	Nord-kalt			*	forod for ochel khel	forod S - north E; forod + ~ > for~ S; KHEL - freeze E;
forochel	Ice Bay of Forochel		*			English		Eisbucht von Forochel			*
forochel	Eisbucht von Forochel			*		German	Ice-bay of Forochel
forodwaith	Forodwaith	*			*	Sindarin	Northern-realm	Nördliche Reich			*	for forod gwaith waith	northern E -- forod S; realm E -- gwaith S; forod + gwaith S -- forodwaith S
forodwaith	Northern Waste		*			English		Nördliche Wüste			*
forodwaith	Nördliche Wüste			*		German	Northern Waste			Silvia Ochsenfort
forsaken-inn	Forsaken Inn		*			English
fortofn	Fortofn	*			*	Sindarin	North Lowlands			Måns Björkman	*	for forod tofn	"forod S - north; tofn S - lowlying / deep / low E, ""tofn"" is transliterated ""tovn""; forod + tofn > fortofn; forod + ~ > for~ S"
fortofn	North Undeep		*			English					*
fortofn	Nördliche Untiefe			*		German	North Undeep			Silvia Ochsenfort
framsburg	Framsburg		*	*		German					*
frogmorton	Frogmorton		*			English
fui-ngothrim	Fui 'Ngorthrim	*				Sindarin			http://www.tuckborough.net/caves.html#Paths%20of%20the%20Dead		*	fui ngorth rim gorth	gorth S - dead person E; rim S - host / great number E; fuin S - gloom / darkness
fui-ngothrim	Paths of the Dead		*			English
gamwich	Gamwich		*			English
gilrain	Gilrain	*	*	*	*	Sindarin					*	gil gîl rain	"gîl S - star / bright spark, Ety/358, LotR/E, S/431, RGEO/73, http://www.jrrvf.com/cgi-bin/hisweloke/sindarin.cgi?search=g%EEl&phon=ipa; rain S - border E"
girdley-island	Girdley Island		*			English
glanduin	Glanduin	*	*	*	*	Sindarin	Border-river	Grenzfluss			*	glan duin	glan S - border E; duin S - (great) river E
glanhir	Glanhír	*			*	Sindarin					*	glan sîr sir hir	"glan S - border E; sîr S - river / flow E; glan + sîr > glanhir, lenition, vowel shortening"
glanhir	Mering Stream		*			English					*
glanhir	Mahrefluss			*		German				Kris Kowal
goblin-town	Goblin-town		*			English
golden-perch	Golden Perch		*			English
gondor	Gondor	*	*	*	*	Sindarin	Stone-land	Steinland			*	gond dôr	gond S = stone E; dôr S = land E; gond + dôr > gondor
gondor	Ondonóre					Quenya	Stone-land				*	ondo nóre
gondor-beacons	Beacons of Gondor		*			English
gondor-citadel	Citadel of Gondor		*			English
gorgoroth	Gorgoroth	*	*	*	*	Sindarin	Plateau of Terror	Hochebene des Terrors			*	gor gor gorgor groth	"gorgor S - terror E; groth S - large excavation // delving / underground dwelling, WJ/415, S/431, http://www.jrrvf.com/cgi-bin/hisweloke/sindarin.cgi?search=groth&phon=ipa, as in Menegroth, this is the best match for ""roth""; roth S - plateau E, presumed based on this attestation"
great-smials	Great Smials		*			English
green-dragon	Green Dragon		*			English
green-hill-country	Green Hill Country		*			English
green-hills-of-the-shire	Green Hills of the Shire		*			English
greenfields	Greenfields		*			English
greenholm	Greenholm		*			English
gundabad	Gundabad	*			*	Khuzdul					*	gunda bad	gunda K - cave / tunnel E
gundabad	Mount Gundabad		*			English					*		gunda K - cave / tunnel E
gundabad	Berg Gundabad			*		German			H1de
gwaith-thranduil	Gwaith Thranduil	*			*	Sindarin	Realm of Thranduil				*	gwaith waith	"gwaith S - realm / folk E; thranduil S - [proper name of the king of the wood elves, father of Legolas]"
gwaith-thranduil	Wood Elves		*			English					*
gwaith-thranduil	Waldelben			*		German	Forest-elves			Silvia Ochsenfort
gwaith-thranduil	Thranduil's Realm					English					*
gwaith-thranduil	Thranduil's Reich					German	Thranduil's Realm			Silvia Ochsenfort
gwaith-thranduil	Galadhrim					Sindarin	Wood-elves				*	galad gal rim	"galad S - light E; -rim S - crowd / host / great number E; rimbë Q - many E; galad + rim > galadhrim, lenitiion"
gwathlo	Gwathló	*			*	Sindarin	Shadow-marsh				*	gwath wath lô ló lo	"gwath S - shadow E; lô S - marsh / fenland E; gwath + lô > gwathlo, vowel reduction"
gwathlo	Greyflood		*			English		Grauflut			*
gwathlo	Grauflut			*		German	Grey-flood		LRde
gwathlo	Agathurush					Adûnaic					*
gwathlo	Gwathir					Sindarin	Shadow-stream				*	gwath sîr gwathir thir wath	"gwath S - shadow E; sîr S - river E; gwath + sîr > gwathir, lenition"
haecharad	Haecharad	*			*	Sindarin	Far-south			Silvia Ochsenfort		hae charad har harad char
haecharad	Far Harad		*			English	Far South				*
haecharad	Weit-Harad			*		German	Far-Harad
hall-of-fire	Hall of Fire		*			English
haradwaith	Haradwaith	*			*	Sindarin	Southern-realm				*	harad har gwaith waith	southern E -- harad S; realm E -- gwaith; harad + gwaith S > haradwaith S
haradwaith	Sutherland		*			English					*
haradwaith	Südland			*		German				Kris Kowal
hardbottle	Hardbottle		*			English
harithilien	Harithilien	*			*	Sindarin				Kris Kowal	*	har ithil ithilien ien	"harad S - south E; ithil S - the moon E; harad + ~ > har~, lenition"
harithilien	South Ithilien		*			English					*
harithilien	Süd-Ithilien			*		German			LRde
harlindon	Harlindon	*			*	Sindarin	South-Lindon				*	har lin lindon	harad S - south E; har + ~ > har~ S; harad + lindon > harlindon
harlindon	South Lindon		*			English					*
harlindon	Süd-Lindon			*		German				Silvia Ochsenfort
harlond	Harlond	*	*	*	*	Sindarin	South-haven	Südhafen			*	har lond	harad S - south E; har + ~ > har~ S; lond S - haven / harbor E
harnen	Harnen	*	*	*	*	Sindarin	South-water	Südwasser			*	har nen	"harad S - south E; har + ~ > har~ S; nen S - water, of lakes, pools and lesser rivers, Ety/376, S/435, UT/457, http://www.jrrvf.com/cgi-bin/hisweloke/sindarin.cgi?search=nen&phon=ipa"
harondor	Harondor	*			*	Sindarin	South-Gondor (Stone-land)	Südgondor			*	har gond dor dôr	"harad S - south E; gond S - stone E; dôr S - land E; gond + dôr > gondor, lenition; har + ~ > har~, lenition"
harondor	South Gondor		*			English		Südgondor
harondor	Südgondor			*		German	South-Gondor (Stone-land)
harrowdale	Harrowdale		*			English
hartofn	Hartofn	*			*	Sindarin	South Lowlands			Måns Björkman	*	har tofn	"harad S - south E; tofn S - lowlying / deep / low E, ""tofn"" is transliterated ""tovn""; harad + tofn > hartofn S; harad + ~ > har~ S"
hartofn	South Undeep		*			English					*
hartofn	Südliche Untiefe			*		German	South Undeep			Silvia Ochsenfort
haudh-in-gwanur	Haudh-In-Gwanûr	*			*	Sindarin	Tomb of the Twins	Grab der Zwillinge			*	haudh in gwanûr	haudh S - tomb E; -in- S - of the E; gwanûr S - twins E
haudh-in-gwanur	Tomb of the Twins		*			English		Grab der Zwillinge			*
haudh-in-gwanur	Grab der Zwillinge			*		German	Tomb of the Twins			Silvia Ochsenfort
hay-gate	Hay Gate		*			English
haysend	Haysend		*			English
hedge	The Hedge		*			English
hedge	High Hay					English
helevorn	Helevorn	*	*	*	*	Sindarin					*	hell hel morn born orn	hell S - naked E; morn S - black E; born S - hot / red E; orn S - (any large) tree E
helms-dike	Helm’s Dike		*			English
henneth-annun	Henneth Annûn	*	*	*	*	Sindarin	Window of Sunset				*	henneth annûn	henneth S - window E; annûn - western / sunset E
himling	Himling	*	*	*	*	Sindarin					*	him ling lhing thling	"him S - steadfast / abiding // continually // *cool; lhing / thling S - spider / spider web / cobweb E; gling S - hang / dangle, http://www.jrrvf.com/cgi-bin/hisweloke/sindarin.cgi?search=gling&phon=ipa"
hithaeglir	Hithaeglir	*			*	Sindarin	Mist-mountains				*	hith mist aeglir	hith S - mist E; aeglir S - mountain range E
hithaeglir	Misty Mountains		*			English					*
hithaeglir	Nebelgebirge			*		German	Misty-mountains		LRde
hobbiton-hill	Hobbiton Hill		*			English
hobbiton-road	Hobbiton Road		*			English
hornburg	Hornburg		*			English
hornrock	Hornrock		*			English
i-drann	i Drann	*			*	Sindarin	The Shire		VT:31:21-22		*	i trann drann	"i- S - the E; trann S - shire / administrative district / division of a realm E; i + trann > i-drann, lenition"
i-drann	The Shire		*			English					*
i-drann	Auenland			*		German			LRde
i-drann	Sûza					Westron	Shire		"LR, RK:Appendix F"		*	sûza
i-drann	Sûzat					Westron	The Shire		XII:45		*	sûza t at
iant-vedui	Iant Vedui	*			*	Sindarin	Bridge Last	Brücke Letzte		Måns Björkman	*	iant ved vedui ui medui	"The Last Bridge; bridge E > iant S; vedui S > medui S > last E, http://www.jrrvf.com/cgi-bin/hisweloke/sindarin.cgi?search=medui&phon=ipa"
iant-vedui	The Last Bridge		*			English		Die Letzte Brücke			*		"iant S - bridge; yanta Q - bridge E; medui S - last E; iant + medui > iant vedui, as in ar + medui > arvedui"
iant-vedui	Die Letzte Brücke			*		German	The Last Bridge		LRde
imlad	Imlad	*			*	Sindarin	Valley			Kris Kowal	*	imlad	dale E > valley E > imlad S
imlad	Dale		*			English					*
imlad	Tal			*		German				Silvia Ochsenfort
imlad-morgul	Imlad Morgul	*			*	Sindarin						imlad mor môr gul gûl
imlad-morgul	Morgul Vale		*			English
imlad-morgul	Morgul Valley					English
imlad-morgul	Morgul					Sindarin						mor môr gul gûl
imlad-morthond	Mornan	*			*	Sindarin	Dark-valley		http://www.tuckborough.net/valleys.html#Blackroot%20Vale		*	mor nan	mor S - dark E; nan S - valley E
imlad-morthond	Blackroot Vale		*			English			VIII
imlad-morthond	Morthond Vale					English			"LR, RK, VIII"
imlad-onodlo	Entwash Vale		*			English
imlad-ringlo	Imlad Ringló	*			*	Sindarin	Valley of Ringló			Kris Kowal		imlad ring ló	imlad S - valley E; ring S - cold E; ló S - marsh E; ringló S [proper name]
imlad-ringlo	Ringló Vale		*			English
imlad-thol	Imlad Thôl	*			*	Sindarin	Valley of Helm			Måns Björkman	*	imlad thôl thól thol	"deep E > valley E > imlad S; helm E > thôl S; imlad + thôl > imlad thol, vowel shortening"
imlad-thol	Helm's Deep		*			English					*
imlad-thol	Helms Klamm			*		German			LRde
imladnur	Imladnûr	*			*	Sindarin				Kris Kowal	*	imlad nûr nur	"Deeping Comb E; deeping E > deep E > nur S; comb E > narrow valley E > valley E > imlad S; imlad + nûr > imlad nur, vowel shortening"
imladnur	Deeping Coomb		*			English					*
imladnur	Klammtal			*		German			LRde
imladris	Imladris	*			*	Sindarin	Valley-deep				*	imlad riss ris	imlad S - valley E; riss S - ravine E
imladris	Rivendell		*			English	Ravine-valley				*
imladris	Bruchtal			*		German			LRde
imladris	Last Homely House					English
imladris	Karningul					Westron
imloth-melui	Imloth Melui	*	*	*	*	Sindarin						imloth mel melui ui
imrath-gondraich	Imrath Gondraich	*			*	Sindarin	Valley of Stone-wains				*	im rath imrath râd	"imlad S - valley; rath S - course / riverbed // stream, Ety/383, LotR/Index, http://www.jrrvf.com/cgi-bin/hisweloke/sindarin.cgi?search=rath&phon=ipa; gond S - stone E; raich S - wains E; rach S - wain E"
imrath-gondraich	Stonewain Valley		*			English					*
imrath-gondraich	Steinkarrental			*		German			LRde
iorost	Iorost	*			*	Sindarin	Old-fortress			Kris Kowal / Måns Björkman	*	io iaur ost	Aldburg > old fortress E; old > iaur; fortress > ost; iorost : iaur + ost :: iorhael : iaur + hael		Need to get a reference for the attested ior-hael
iorost	Aldburg		*			Old English	Old-fortress		UT		*
iorost	Altburg			*		German	Old-fortress			Kris Kowal
ithilien	Ithilien	*	*	*	*	Sindarin						ithil ien
ithilien-north-road	North Road of Ithilien		*			English
ivy-bush	Ivy Bush		*			English
khand	Khand	*	*	*							*	khand
kings-house	House of the Kings					English
kings-house	King’s House					English
lamedon	Lamedon	*	*	*							?	lamedon
lanthir-rauros	Lanthir Rauros	*			*	Sindarin	Falls of Rauros				*	lanthir rau ros rhoss	lanthir S - waterfall E; rhoss S - whispering or rustling sound E; ross S - rain E
lanthir-rauros	Falls of Rauros		*			English					*
lanthir-rauros	Fälle des Rauros			*		German			LRde
lebennin	Lebennin	*	*	*	*	Sindarin	Five-streams	Fünf Ströme			*	leben nîn nin	nîn S - waters / streams E; nen S - water / stream E; leben S - five E
lefnui	Lefnui	*	*	*	*	Sindarin	Fifth	Fünfter			*	lef nui	"lefnui S - fifth E, http://www.jrrvf.com/cgi-bin/hisweloke/sindarin.cgi?search=lefnui&phon=ipa, transliterated as ""levnui"""
lhun	Lhûn	*				Ñoldorin	Blue				*	lhûn	lhûn S - blue E
lhun	River Lune		*			English	River Blue				*
lhun	Luhn			*		German			LRde
limlich	Limlich	*			*	Sindarin			UT			lim lich
limlich	Limlight		*			English			"LR, FR, VIII, XI, XII"		*
limlich	Limklar			*		German			LRde
limlich	Limlaith					Sindarin			UT			lim laith
lindon	Lindon	*	*	*	*	Sindarin						lin don
linhir	Linhir	*	*	*	*	Sindarin					*	lin hir sîr lîn	"lîn S - pool E; sîr S - stream E; lîn + sîr > linhir, vowel shortening, lenition"
lithlad	Lithlad	*			*	Sindarin	Ash Plain				*	lith lad	lith S - ash E; lad S - plain E
lithlad	Ash Plain		*			English					*
lithlad	Ebene der Aschen			*		German				Silvia Ochsenfort
little-delving	Little Delving		*			English
lo	Lô	*			*	Sindarin	Marsh			Kris Kowal	*	lô ló lo	midgewater E > marsh E > lô S
lo	Midgewater		*			English					*
lo	Mückenwassermoore			*		German			LRde
lo-edrein	Lô Edrein	*			*	Sindarin	Marsh Border			Kris Kowal	*	lô edrein ed rein	"Fenmarch > Fen + March; fen E > marsh E > lô S; march / mark E > border E > edrein S, http://www.jrrvf.com/cgi-bin/hisweloke/sindarin.cgi?search=edrain&phon=ipa; edrein > ed + rhein; edrein : ed + rhein :: amrún : am + rhûn; glan S - border E, possible alternative"
lo-edrein	Fenmarch		*			English					*		march / mark E - border E
lo-edrein	Fenmark			*		German			LRde
lo-fern	Lô Fern	*			*	Sindarin				Kris Kowal	*	lô fern	Dead Marshes > Marshes of Death; marsh > lô; death > fern
lo-fern	Dead Marshes		*			English					*
lo-fern	Ödmoore			*		German				Silvia Ochsenfort
lockholes	Lockholes		*			English
loeg-ningloron	Loeg Ningloron	*			*	Sindarin	Pool of the Golden-water-flowers	Teiche der goldnen Wasserblumen	Sde		*	loeg ninglor nîn glor glaur nin	"loeg S - pool E; ninglor S - golden water-flower, gladden E; nîn S - water E; glaur S - gold E; nîn + glaur > ninglor"
loeg-ningloron	Resting place of the Ring		*			English		Ruheplatz des Rings			*
loeg-ningloron	Ruheplatz des Rings			*		German	Resting place of the Ring		Sde
lond-daer	Lond Daer	*	*	*	*	Sindarin	Haven Great	Hafen Großer			*	lond daer	lond S - haven / harbor E; daer S - great E
lond-daer	Great Middle Haven					English					*
lond-daer	Great Haven					English		Großer Hafen			*
lond-daer	Großer Hafen					German	Great Haven			Silvia Ochsenfort
lond-daer	Vinyalonde					Quenya	New-haven	Neuhafen			*	vin vinya londë	vin- / vinya Q - new; londë Q - haven / harbor E
lond-daer	Lond Daer Enedh					Sindarin	Haven Great Middle	Hafen Großer Mittel			*	lond daer enedh	lond S - haven / harbor E; daer S - great E; enedh S - middle E
lond-umbar	Lond Umbar	*			*	Sindarin	Haven of Doom			Kris Kowal	*	lond umbar um bar	haven of umbar; haven E > lond S
lond-umbar	Haven of Umbar		*			English					*
lond-umbar	Hafen von Umbar			*		German				Silvia Ochsenfort
long-cleeve	Long Cleeve		*			English
longbottom	Longbottom		*			English
lorien-rhunen	East Lórien		*			English
lossarnach	Lossarnach	*	*	*	*	Sindarin	Flower of Arnach				*	loss	loss S - flower E
lossir	Lossir	*			*	Sindarin	Flower-river			Måns Björkman	*	loss sîr sir	snow E > loss S; river E > sîr S; loss + sîr > lossir
lossir	Snowbourn		*			English					*
lossir	Schneeborn			*		German	Snowbourn		LRde
lothlorien	Lothlórien	*	*	*	*	Sindarin	Flower-dream-land				*	loss lórien	"loss S - flower E; lórien S - [proper name of one of the Valar, arch-angels] - dream land E"
lothlorien	The Golden Wood					English		Der Goldene Wald			*
lothlorien	Der Goldene Wald					German	The Green Wood		LRde
lothlorien	Dwimordene					Rohirric						dwimor dene
mallenrond	Golden Hall		*			English
marish	Marish		*			English
mathom-house	Mathom-house		*			English
mazarbul-chamber	Chamber of Mazarbul		*			English
meduseld	Meduseld		*			Rohirric						medu? medus? eld? seld?
men-annun	West Road		*			English
men-eryn-iaur	Men-i-Naugrim	*			*	Sindarin	Road of the Dwarves		UT			men i naug naugrim rim
men-eryn-iaur	Old Forest Road		*			English					*
men-eryn-iaur	Alter Nachtwaldweg			*		German	Old Night Forest Way		H1de
men-harad	Men Harad	*			*	Sindarin	Road South	Straße Süd		Kris Kowal	*	men harad har	the harad road; road E > men S; harad S - south E
men-harad	The Harad Road		*			English		Die Harad-Straße			*		harad S - south E
men-harad	Südstraße			*		German	South Road
men-morgul	Morgul-road		*			English
men-rhun-annui	Men Rhún-annui	*			*	Sindarin	road great east-west			Måns Björkman	*	men rhún annui annui	east / west road E; east E > rhûn S; west E > annui S; road E > way E > men S
men-rhun-annui	East/West Road		*			English		Ostweststraße			*
men-rhun-annui	Ostweststraße			*		German	East-west-road		LRde
menion-annui	Menion Annui	*			*	Sindarin	road-great western			Måns Björkman	*	men ion menion annui annui	great west road E; road E > men; -ion S - great E; west E > annui S
menion-annui	Great West Road		*			English			UT
menion-annui	Große Weststraße			*		German				Silvia Ochsenfort
merethrond	Merethrond	*	*	*	*	Sindarin	Feast-hall		"LR, RK, S"			mereth rond	mereth S - feast / festival E; rond S - dome / hall E
merethrond	Great Hall of Feasts					English
merethrond	Hall of Feasts					English
methedras	Methedras	*	*	*	*	Sindarin	End-horn	Endhorn			*	methed rasg ras	"methed S - end E; rasg S - horn E; ~ + rasg > ~ras, as in caradhras"
michel-delving	Michel Delving		*			English
mickleburg	Mickleburg		*			English
min-rimmon	Min-Rimmon	*	*	*	*	Sindarin					?	min rimmon rim
minas-morgul	Minas Morgul	*	*	*	*	Sindarin	Tower of Sorcery				*	minas mor gul minë min	minas S - tower E; mor S - dark / black E; gul S - sourcery E
minas-morgul	Minas Ithil					Sindarin	Tower of the Moon				*	minas ithil minë min	minas S - tower E; ithil S - moon / sheen E
minas-tirith	Minas Tirith	*	*	*	*	Sindarin	Tower of the Guard				*	minas min as tir tira tirith ith	minas S - tower E; tir S - to watch / guard E; tirith S - of the watch E
minas-tirith	Tower of Guard					English
minas-tirith	Turm der Wacht					German			LRde
minas-tirith	Mundburg					Rohirric			LRde			mund burg
minas-tirith	Minas Anor					Sindarin	Tower of the Sun				*	minas anor	minas S - tower E; Anor S - the sun [proper name] E
minas-tirith-hallows	Hallows of Minas Tirith		*			English
mindolluin	Mindolluin	*	*	*	*	Sindarin	Towering Blue Head	Hoch Aufragender Blauer Kopf			*	min dôl dol luin	minas S - tower E; dôl S - head E; luin S - blue E
minhiriath	Minhiriath	*	*	*	*	Sindarin	Between-rivers	Zwischen Flüssen			*	min sir sîr sirion ath hir	min- S - between E; sirion S - river E; -ath S - plural; min + sirion > minhirion S; sirion + ath > siriath S; minhirion + ath > minhiriath S
mirdain-house	House of the Mírdain		*			English
mithe	Mithe		*			English
mitheithel	Mitheithel	*			*	Sindarin	Grey-well	Weißquell			*	mith eithel	mith S - grey E; eithel S - well / spring E
mitheithel	River Hoarwell		*			English					*
mitheithel	Weißquell			*		German	White-spring		LRde
mithlond	Mithlond	*			*	Sindarin	Grey-haven	Graue Anfurt			*	mith lond	mith S - grey E; lond S - harbor / haven E
mithlond	Grey Havens		*			English		Graue Anfurten			*
mithlond	Graue Anfurten			*		German
mithnen	Mithnen	*			*	Sindarin	Grey-water			Kris Kowal	*	mith nen nîn	Greylin > [river] grey [diminuitive?]; grey E > mith S; river E > waters E > nen S
mithnen	Greylin		*			English					*
mithnen	Grauquell			*		German	Grey-spring
morannon	Morannon	*			*	Sindarin	Black-gate	Schwarzes Tor			*	mor annon môr vorn	môr S - dark / black E; annon S - gate E; ennyn S - gates E
morannon	Black Gate		*			English		Schwarzes Tor			*
morannon	Schwarzes Tor			*		German			H1de
morannon-desloation	Desolation of the Morannon		*			English
mordor	Mordor	*	*	*	*	Sindarin	Dark-land	Dunkles Land			*	môr dôr mor dor	môr S = dark E; dôr = land; mor + dor > mordor S
mordor-teeth	Teeth of Mordor		*			English
morgulduin	Morgulduin	*	*	*	*	Sindarin	Morgul River	Morgul Fluss	http://www.tuckborough.net/rivers.html#Morgulduin
morgulduin	Ithilduin					Sindarin	Moon River	?	http://www.tuckborough.net/rivers.html#Morgulduin
moria	Moria	*	*	*		Sindarin	Black-chasm	Schwarzer Abgrund			*	mor môr ia iâ	"môr S - dark E; iâ - abyss, void; môr + iâ > moria, lenition, vowel shortening"
moria	Khazad-dûm				*	Khuzdul	Dwarf-delving (Dwarrowdelf)				*	khazad dûm	khazad K - dwarf E; dûm K - delving E
moria	Casarrondo					Ñoldorin	Dwarf-delving (Dwarrowdelf)				*	casar rondo	casar N - dwarf E; rondo N - dome E
moria	Hadhodrond					Sindarin	Dwarf-delving (Dwarrowdelf)				*	hadho rond	hadho S - dwarf E; rond S - dome E
moria	Phurunargian					Westron	Dwarf-delving (Dwarrowdelf)				*	phuru nargian narg	"phuru W - delving E; nargian W - dwarves E, presumed as ""nauco"" is Quenya for dwarf"
moria-walls	Walls of Moria		*			English
mornorod	Mornorod	*			*	Sindarin				Kris Kowal	*	morn orod mor môr	"dwimor E > dark E > morn S; berg E > mountain E> orod S; dwimor possibly from dweomer, magic?  haunted?"
mornorod	Dwimorberg		*	*		English			LRde		*
mornorod	Haunted Mountain					English			VIII		*
mornorod	Geisterberg					German			LRde
morthond	Morthond	*			*	Sindarin	Black-root	Schwarzgrund			*	morthond mor thond	"môr S - dark / black E; thond S - root E, LotR/E, Letters/178, http://www.jrrvf.com/cgi-bin/hisweloke/sindarin.cgi?search=thond&phon=ipa"
morthond	River Morthond		*			English		Fluss Schwarzgrund			*		"môr S - dark / black E; thond S - root E, LotR/E, Letters/178, http://www.jrrvf.com/cgi-bin/hisweloke/sindarin.cgi?search=thond&phon=ipa"
morthond	Morthond Fluss			*		German	Black-root River		LRde
mundburg-mounds	Mounds of Mundburg		*			English
naith-bruinen	Naith	*			*	Sindarin						naith brui nen
naith-bruinen	The Angle		*			English
naith-lorien	Egladil	*			*	Sindarin						egla dil
naith-lorien	The Gore		*			English
naith-lorien	Gehren			*		German
naith-lorien	The Angle					English
naith-lorien	Der Winkel					German	The Angle
naith-lorien	Naith					Sindarin						naith lórien
nan-curunir	Nan Curunír				*	Sindarin	Wizard's Vale / Valley of Saruman		"LR, TT"		*	nan curu nír	nan S - valley E; curunír S - Saruman / wizard E; curu S - cunning (device) E
nanduhirion	Nanduhirion	*				Sindarin	Valley of Dim Streams				*	nan dû du hir sîr ion	nan S - valley E; dû S - dimness E; sirion S - streams E
nanduhirion	Dimrill Dale		*			English					?
nanduhirion	Schattenbach-Tal			*		German			LRde
nanduhirion	Azanulbizar				*	Khuzdul					?	azanul? bizar? zar?
narchost	Narchost	*	*	*	*	Sindarin	Biting-fortress	Beißende Festung			?	narch ost
nardol	Nardol	*	*	*	*	Sindarin	Fire-hill	Feuerhügel			*	nar dol	nor S - fire E; as in Fëanor S; dol S - head / tower E
near-harad	Near Harad		*			English	Near South	Nah-Harad			*
near-harad	Nah-Harad			*		German	Near South	Nah-Süden
nen-cenedril	Nen Cenedril	*				Sindarin				Kris Kowal / Måns Björkman	*	nen cened ril	Mirrormere > mirror + mere > Lake Mirror; mirror E > cenedril S; mere E > lake / water E > nen S
nen-cenedril	Mirrormere		*			English		Spiegelsee			*
nen-cenedril	Spiegelsee			*		German	Mirror-lake		LRde
nen-cenedril	Kheled-zâram				*	Khuzdul					?	kheled zâram
nen-cenedril	Oel Cenedril					Sindarin				Kris Kowal	*	oel cened ril	"Mirrormere > mirror + mere > mere + mirror E; mere E > oel S, as in Nen Hithoel; mirror E > cenedril S"
nen-hithoel	Nen Hithoel	*	*	*	*	Sindarin	Lake Fog-mere	Wasser der bleichen Nebel			*	nen hith oel hîth	nen S - water E; nîn S - waters E; hîth S - mist / fog E; oel / ael S - lake / pool / mere E; oelin / aelin S - lakes / pools E
nenuial	Nenuial	*			*	Sindarin	Water of Twilight				*	nen uil ui galad	nen S - water E; uial S - twilight (evening) E; ui S - envelope / heavens; galad S - light E; ui + galad > uial S
nenuial	Lake Evendim		*			English					*		nen S - water E; uial S - twilight E; ui S - envelope / heavens E; galad S - light E; ui + galad > uial
nenuial	See Evendim			*		German
new-row	New Row		*			English
nimrodel	Nimrodel	*			*	Sindarin	White-cave-lady				*	nimp rond	nimp S - pale / white; rond S - cave E
nimrodel	River Nimrodel		*			English					*
nimrodel	Nimrodel Fluss			*		German			LRde
nin-in-eilph	Nîn-in-Eilph	*			*	Sindarin	Waters of the Swans				*	nîn nen in eilph	nîn S - waters E; nen S - water E; in S - of the E; eilph S - swans E; alph S - swan E
nin-in-eilph	Swanfleet		*			English					*
nin-in-eilph	Schwanenfleet			*		German			LRde
nindalf	Nindalf	*			*	Sindarin	Wet-field				*	nîn nin talf dalf	"nîn S - wet - E, talf S - flat field / flat land E; nîn + talf > nindalf, lenition, vowel shortening"
nindalf	Wetwang		*			English					*
nindalf	Fennfeld			*		German			LRde
nobottle	Nobottle		*			English
northfarthing	Northfarthing of the Shire		*			English
nurn	Nurn	*	*	*	*	Sindarin	Sad / Lament				*	nurn	nurn S - sad / lament E
nurnen	Núrnen	*			*	Sindarin	Sad-water(s)				*	nurn nen núrn	nurn S - sad / lament E; nen S - waters E; nurn + nen > núrnnen
nurnen	Sea of Nurn		*			English					*
nurnen	Binnenmeer Núrnen			*		German			LRde
oatbarton	Oatbarton		*			English
old-mill	Old Mill		*			English
onodlo	Onodló	*			*	Sindarin	Ent-marsh				*	onod enyd lô	"onod S - ent E; enyd S - ents E; lô S - marsh / fenland E; onod + lô > onodlo, vowel shortening"
onodlo	Entwash		*			English					*
onodlo	Entwasser			*		German			LRde
orod-gram	Orod Gram	*			*	Sindarin				Kris Kowal	*	orod gram	Mt. Gram; mountain E > orod S
orod-gram	Mt. Gram		*			English					*
orod-gram	Berg Gram			*		German			LRde
orod-rerir	Mt. Rerir		*			English					X
orodruin	Orodruin	*			*	Sindarin	Mount Doom				*	orod ruin drúin druin	"orod S - mountain E; ered S - mountains; drúin S - doom [plural] E; drû S - doom E; orod + drúin > orodruin, vowel shortening"
orodruin	Mount Doom		*			English					*
orodruin	Schicksalsberg			*		German			LRde
orodruin	Amon Amarth					Sindarin	Hill of Doom		"LR, XII"			amon amarth
orthanc	Orthanc	*	*	*	*	Sindarin	Mount Fang				*	orod or thanc	orod S - mountain E; thanc S - fang E; orod + thanc > orthanc S
orthanc-pinnacle	Pinnacle of Orthanc		*			English
osgiliath	Osgiliath	*	*	*	*	Sindarin	Fort of Stars	Sternen-Feste	"VIII, XII"		*	ost gîl gil gili ath	"ost S - fortified city or town E; gil S - star E; -ath S - [collective plural noun]; gil-ath > giliath; ost + gil > osgil, lenition"		"the translation of ""Fort of Stars"" is in HoMe according to Eryniel"
ost-in-edhil	Ost-in-Edhil	*			*	Sindarin					*	ost in edhil	ost S - fortified city or town E; in S - of the E; edhil S - elves E; ethel S - elf E
ost-in-edhil	Elventown		*			English
ost-in-edhil	Elfstadt			*		German				Silvia Ochsenfort
overbourn-marshes	Overbourn Marshes		*			English
overhill	Overhill		*			English
parth-celebrant	Parth Celebrant	*			*	Sindarin				Kris Kowal	*	parth celeb rant	Field of Celebrant; field E > parth S; celeb S - silver E; rant S - rivercourse / path / lode / vein E
parth-celebrant	Field of Celebrant		*			English					*		celeb S - silver E; rant S - rivercourse / path / lode / vein E
parth-celebrant	Feld von Celebrant			*		German			LRde
parth-galen	Parth Galen	*			*	Sindarin					*	parth calen galen	"parth S - field E; calen S - green E; parth + calen > parth galen S, lenition"
parth-galen	Greenfield		*			English					*
parth-galen	Grünfeld			*		German			LRde
party-field	Party Field		*			English
pelargir	Pelargir	*	*	*	*	Sindarin	Garth of Royal-ships	Königlicher Hafen			*	pel ar cîr gir ceir	pel S - fenced field E; ar S - royal E; cîr S - ship E; ceir S - ships E
pelennor	Pelennor	*	*	*	*	Sindarin	Fenced-land				*	pel enedh dôr dor nor en	"pel S - fenced field; enedh S - middle E; dôr S - land E; enedh + dôr > ennor, as in Ennorath; pelen S - of fenced field E, as ""angren"" is ""ang + ren"" meaning ""of iron""; pelen + dôr > pelennor"
pelennor	Pelennor Field					English
pelennor	Pelennor-Felder					German			LRde
pendlanthir	Pendlanthir	*			*	Sindarin				Kris Kowal	*	pend lanthir	"Stair Falls; stair E > declivity E > pend S; stairway E > pendrath S, http://www.jrrvf.com/cgi-bin/hisweloke/sindarin.cgi?search=pendrath&cognate=stair&phon=ipa; pendrath > pend + rath; rath S > path / way E; stairway : stair :: pendrath : pend, http://www.jrrvf.com/cgi-bin/hisweloke/sindarin.cgi?search=pend&phon=ipa; falls / waterfalls E > lanthir S, as in Lanthir Rauros"		"It seems likely that ""pendlanthir"" needs to be normalized through lenition."
pendlanthir	Stair Falls		*			English					*
pendlanthir	Treppen-Wasserfall			*		German				Silvia Ochsenfort
penduireb	Penduireb	*			*	Sindarin	Stairs of Eternity			Kris Kowal	*	pend ui reb uireb	"Endless Stair; endless E / eternal E / ever E > uireb S, c.f., nenuial; stair E > pend S; pendrath S - stairway E; rath S - way / road E"
penduireb	Endless Stair		*			English
perth-ninglor	Perth Ninglor	*			*	Sindarin	Gladden Fields			Kris Kowal	*	parth perth ninglor nin nîn glor	Gladden Fields E; fields E > perth S; parth S - field E; Gladden E > Ninglor S
perth-ninglor	Gladden Fields		*			English					*
perth-ninglor	Schwertelfelder			*		German			Sde
pincup	Pincup		*			English
pindungol	Pindungol	*			*	Sindarin	Stairs of the Spider			Kris Kowal		pend pind ungol	pend S - stair E; pind* S - stairs E; ungol S - spider E
pindungol	Stairs of Cirith Ungol		*			English
pinnath-gelin	Pinnath Gelin	*	*	*	*	Sindarin	Slopes Green	Grüne Kämme			*	pinnath pinn celin gelin calen	"pinnath S - ridges [collective plural noun] E; pinn < pinnath - ridge E; calen S - green E; celin S - green [plural]; pinnath + celin > pinath geiln, lenition"
poros	Poros	*	*	*	*	Sindarin					*	rhos ross por po	"rhos S - whisper or rustling sound E; ross / rhoss S - rain E; ross S - red-haired, copper coloured, especially used of animals, as fox, red deer, etc., VT/41:10"
prancing-pony	Prancing Pony		*			English
rammas-echor	Rammas Echor	*	*	*		English
ras-morthil	Ras Morthil	*	*	*	*	Sindarin	Horn of the Dark-tine				*	ras mor môr morn thil til	rasg S - horn E; morn S - dark / black E; thil S - sheen E; til S - tine E
rasgost	Rasgost	*			*	Sindarin				Kris Kowal		rasg ras ost
rasgost	Hornburg		*			English	Horn-fortress				*
rath-celerdain	Rath Celerdain	*				English	Street of Lampwrights		RK
rath-celerdain	Lampwrights' Street		*			English
rath-harad	Rath Harad	*			*	Sindarin				Kris Kowal		rath har harad ad	"South Lane E; south E > harad S; lane E > street E > râd S; râd + harad > rath harad, lenition, as in ""rath celerdain""; othrad S - street E; imrad S - path E; râd S - path / track E"
rath-harad	South Lane		*			English
rath-harad-iaur	Rath Harad Iaur	*			*	Sindarin	Road South Old			Kris Kowal	*	rath har harad ad iaur	"Old South Road E; rath S - course / riverbed // stream, Ety/383, LotR/Index, http://www.jrrvf.com/cgi-bin/hisweloke/sindarin.cgi?search=rath&phon=ipa; harad S - south E; iaur S - old E"
rath-harad-iaur	Old South Road		*			English					*
records-chamber	Chamber of Records		*			English
reunited-kingdom	Reunited Kingdom		*			English
rhimdath	Rhimdath	*			*	Sindarin			"V, Etym"		*	rhim dath	"rim / rhim / rhimb S - crowd / host / great number // cold pool or lake (in mountains) E, http://www.jrrvf.com/cgi-bin/hisweloke/sindarin.cgi?search=rim&phon=ipa; dath S - hole or pit E, http://www.jrrvf.com/cgi-bin/hisweloke/sindarin.cgi?search=dath&phon=ipa"
rhimdath	Rushdown		*			English			"V, Etym"
rhimdath	Rhibdad					Sindarin			http://www.glyphweb.com/ARDA/r/rushdown.html			rhib dad rhib rib
rhimdath	Rhibdath					Sindarin			"V, Etym"			rhib dad dath
rhosgobel	Rhosgobel	*	*	*	*	Sindarin					*	rhos ross gobel	"rhos S - whisper or rustling sound E; ross / rhoss S - rain E; ross S - red-haired, copper coloured, especially used of animals, as fox, red deer, etc., VT/41:10; gobel S - walled house or village / town, Ety/380, http://www.jrrvf.com/cgi-bin/hisweloke/sindarin.cgi?search=gobel&phon=ipa"
rhovanion	Rhovanion	*			*	Sindarin	Wilderness-country				*	rovan rhavan rhaw ion	"rovan S -- wild E; rhavan S -- wild man E; rhaw S -- wilderness E; -ion S - (great) realm, as in eregion, dorwinion"
rhovanion	Wilderland		*	*		German					*
rhudaur	Rhudaur	*	*	*	*	Sindarin	East-forest	Ostwald			*	rhûn daur rhu	rhûn S - east E; daur S - forest E; rhûn + daur S > rhudaur S
rhun	Rhûn	*	*	*	*	Sindarin	East	Osten			*	rhûn	rhûn S -- east E
rhunaer	Rhúnaer	*			*	Sindarin	East-sea			Kris Kowal	*	rhún aer rhun rhûn	"east E > rhûn S; sea E > aer S; rhûn + aer S > rhunaer S, vowel shortening in compound"
rhunaer	Sea of Rhûn		*			English					*
rhunaer	Rhûn-Meer			*		German				Silvia Ochsenfort
ringlo	Ringlo	*			*	Sindarin	Cold-flood				*	ring lô	"ring S - cold E; lô S - marsh / fenland E; ring + lô > ringlo, vowel shortening in compound"
ringlo	River Ringlo		*			English					*		"ring S - cold E; lô S - marsh / fenland E; ring + lô > ringlo, vowel shortening in compound"
ringlo	Ringlo Fluss			*		German			LRde
rohan-east-wall	East Wall of Rohan		*			English
rohan-west-march	West-march of Rohan		*			English
roshock-bog	Rushock Bog		*			English
rudhras	Rudhras	*			*	Sindarin				Kris Kowal	*	rudh rûdh rasg ras	"Starkhorn > stark + horn E; stark E > bald E > rûdh S; horn E > rasg S > ras S, as in Caradhras, http://www.jrrvf.com/cgi-bin/hisweloke/sindarin.cgi?search=rasg&cognate=horn&phon=ipa"
rudhras	Starkhorn		*	*		English					*
rushey	Rushey					English
rushey	Rushy					English
sammath-naur	Sammath Naur	*			*	Sindarin	Chamber of Fire					sam ath naur	naur S - fire E; sam S - chamber E; -ath S - [plural]
sammath-naur	Cracks of Doom		*			English
sarn-durin	Durin's Stone		*			English
sarn-gebir	Sarn Gebir	*	*	*	*	Sindarin	Stone Ridge	Stein-Riffe			*	sarn gebir ceber	"sarn S - stone / pebble E; ceber S - stake / spike / stone ridge E; cebir S - stakes / spikes / stone ridges E; sarn + cebir > sarn gebir S, lenition"
sarnathrad	Sarnathrad	*	*	*	*	Sindarin	Stone-ford	Steinfurt	"V, Etym., LR/430"		*	sarn athrad	"sarnathrad S - stone ford E, attested; stone E > sarn S, Lost Road / 430; ford E > athrad S"
sarnathrad	Sarnfurt					German	Sarn-ford		LRde
sarnathrad	Steinfurt					German	Stone-ford		LRde
sarnathrad	Sarn Athrad					Sindarin	Stone Ford	Steinfurt	"V, Etym., II, XI"		*	sarn athrad	"sarnathrad S - stone ford E, attested; stone E > sarn S, Lost Road / 430; ford E > athrad S"
scary	Scary		*			English
second-hall	Second Hall		*			English
serni	Serni	*									?	sern sarn serni
serni	River Serni		*			English					?
serni	Serni Fluss			*		German			Sde
shirebourn	Shirebourn	*				English
shirebourn	River Shirebourn		*			English
shirebourn	Auenlandstrom Fluss			*		German				Silvia Ochsenfort
sir-celos	Celos	*			*	Sindarin					*	celos cell loss los	"cell S - running E, as in celduin; loss S - flower E"
sir-celos	River Celos		*			English					*		"cell S - running E, as in celduin; loss S - flower E"
sir-celos	Celos Fluss			*		German			LRde
sir-ninglor	Sîr Ninglor	*			*	Sindarin	River Water-gold				*	sîr sir nîn nen glaur glor	"sîr S - stream E; nîn S - waters E; nen S - water E; glaur S - gold E; nîn + glaur > ninglor S, lenition, vowel shortening"
sir-ninglor	River Gladden		*			English					*
sir-ninglor	Schwertelfluss			*		German			LRde
sir-ninglor	River Goldwater					English					*
sirith	Sirith	*	*	*	*	Sindarin	Flowing	Fließend			*	sirith	sîr S - stream E
smaug-desolation	Desolation of Smaug					English
smaug-desolation	Desolation of the Dragon					English
snowmane-howe	Snowmane's Howe		*			English
southfarthing	Southfarthing of the Shire		*			English
southward-road	Southward Road		*			English
staddle	Staddle		*			English
standelf	Standelf		*			English
stock	Stock		*			English
stock-brook	Stock-brook		*			English
stock-road	Stock Road		*			English
straight-stair	Straight Stair		*			English
suthburg	Súthburg					Rohirric						súth burg
talf-tharn	Talf Tharn	*			*	Sindarin	Field-whithered			Måns Björkman	*	talf tharn	"withered heath E; withered E > tharn S; heath E > field E > talf, as in ""nindalf"", TC/195, LotR/Map, http://www.jrrvf.com/cgi-bin/hisweloke/sindarin.cgi?search=talf&phon=ipa"
talf-tharn	Withered Heath		*			English					*
talf-tharn	Verwitterte Heide			*		German			H1de
tharbad	Tharbad	*	*	*					LRde		*	tharbad thar bad	"tharbad S - the crossing place E, http://lotr.wikia.com/wiki/Tharbad"
the-hill	The Hill		*			English
the-pool	The Pool		*			English
the-river	The River		*			English
the-water	The Water		*			English
the-wold	The Wold		*			English					*
the-wold	Ödland			*		German			LRde:Map
thistle-brook	Thistle Brook		*			English
thranduilrond	Elvenking's Halls		*			English
thranduilrynd	Thranduilrynd	*			*	Sindarin	Thranduil's Halls			Kris Kowal	*	rynd rond	Elvenking's Halls; Elvenking E > Thranduil S [proper name]; hall E - rond S; halls E - rynd* S
three-farthing-stone	Three-Farthing Stone		*			English
tighfield	Tighfield		*			English
tol-brandir	Tol Brandir	*			*	Sindarin	Island Lofty				*	tol brand dir ir	"tol S - island E; brand S - lofty / hoble / high (in size), Etym./351, TAI/150, X/ND1"
tol-brandir	Tindrock		*			English			"LR, FR"
tol-brandir	Zinnenfels			*		German			LRde
tolfalas	Tolfalas	*	*	*	*	Sindarin	Bay-shore	Ufer-Insel			*	tol falas	tol S - island E; falas S - shore E
tongue-lorien	The Tongue		*			English
tookbank	Tookbank		*			English
tookland	Tookland		*			English
torech-ungol	Torech Ungol	*		*		English	Lair of the Spider		"LR, TT"
torech-ungol	Shelob’s Lair		*			English
torobrannor	Torobrannor	*			*	Sindarin				Kris Kowal	*	torog toro brand bran dôr dor nôr nor	"Troll-fells E; troll E > torog S; fells E > highlands E > high + land E; high, lofty E > brand S; land E > nôr S; brand + nôr > brannor, lenition; torog + brannor > torobrannor S, lenition [speculative]"
torobrannor	Ettenmoors		*			English			"LR, FR"		*
torobrannor	Ettenöden			*		German
torobrannor	Troll-fells					English			"LR, FR"		*
torobrannor	Onobrannor					Sindarin				Kris Kowal	*	onod ono brand bran dor dôr nôr nor	"Ettenmoors E; etten E > ent E > onod S; fells E > highlands E > high + land E; high, lofty E > brand S; land E > nôr S; brand + nôr > brannor, lenition; onod + brannor > onobrannor S, lenition [speculative]"
tuckborough	Tuckborough		*			English
tumladen-gondor	Tumladen		*			English
two-kingdoms	Two Kingdoms		*			English
tyfn	Tyfn	*			*	Sindarin	Lowlands			Kris Kowal		tyfn tofn	tofn S - lowland E; tyfn* S - lowlands E
tyfn	Undeeps		*			English
tyrn-gorthad	Tyrn Gorthad	*			*	Sindarin			LR/Index			tyrn gor thad gorthad
tyrn-gorthad	Barrow-downs		*			English					*
tyrn-gorthad	Hühelgräberhöhen			*		German			LRde
udun	Udûn-Tal			*		German	Udûn Valley
udun	Utumno					Quenya	Deep-hidden				*	u? tumno? ut? umno?
umbar	Umbar	*	*	*		Quenya	Doom				*	umbar u? ambar?	umbar Q - doom E
underharrow	Underharrow		*			English
underhill	Underhill		*			English
underhill	Dorf			*		German			LRde
underhill	Hamlet					English
underhill	Unterberg					German				Silvia Ochsenfort
undertowers	Undertowers		*			English
upbourn	Upbourn		*			English					*
upbourn	Hochborn			*		German			LRde
vinost	Newbury		*			English
watchwood	Watchwood		*			English
waymeet	Waymoot		*			English
waymeet	Wegscheid			*		German
waymeet	Waymeet					English
wellinghall	Wellinghall		*			English
west-mark	West-mark		*			English
westfarthing	Westfarthing of the Shire		*			English
fold-annun	Fold Annûn	*				Sindarin				Kris Kowal
fold-annun	Westfold		*	*		English					*
nan-fold-annun	Westfold Vale		*			English
	Westmarch of the Shire		*			English
whitwell	Whitwell		*			English
wilderland-edge	Edge of the Wild		*			English
willowbottom	Willowbottom		*			English
withy-path	Withy-path		*			English
withywindle	Withywindle		*			English					*
withywindle	Weidenwinde			*		German
withywindle	River Withywindle					English
woodhall	Woodhall		*			English
woody-end	Woody End		*			English
yale	The Yale		*			English
yale	Yale					English